时间,燃,弹,钢,铝,高速建造,高速修复,资材,螺丝
2016/12/08 12:01:05,200085,181594,274827,182983,1602,1528,1865,18
2016/12/08 11:39:02,199453,180985,274713,182949,1601,1528,1865,18
2016/12/08 00:11:57,199473,180885,274683,182949,1601,1527,1865,18
2016/12/07 23:00:47,199200,180447,274614,182915,1601,1526,1865,18
2016/12/07 22:24:50,198182,179082,273995,182631,1601,1526,1864,18
2016/12/07 18:00:01,198202,179082,273995,182631,1601,1526,1864,18
2016/12/07 17:16:13,197422,178125,273872,182567,1601,1524,1864,18
2016/12/07 14:10:47,196100,177776,273463,182133,1601,1523,1862,17
2016/12/07 13:22:30,196126,177682,273433,182133,1601,1523,1862,17
2016/12/07 12:19:40,195740,177013,273179,181949,1601,1520,1860,17
2016/12/07 11:05:48,194817,176758,272497,181715,1600,1519,1857,16
2016/12/07 00:12:34,194917,176099,272002,181715,1600,1518,1857,16
2016/12/06 23:00:11,194937,175999,271972,181715,1600,1518,1857,16
2016/12/06 22:01:15,194871,175847,271662,181531,1600,1517,1855,16
2016/12/06 21:02:34,194707,174759,271098,181497,1600,1517,1855,16
2016/12/06 20:23:14,194577,174359,270768,181347,1600,1517,1855,16
2016/12/06 19:12:38,194329,173826,270674,181313,1600,1515,1855,16
2016/12/06 18:34:54,194049,173226,270144,181013,1600,1515,1852,16
2016/12/06 17:48:48,193299,172399,270080,180979,1600,1515,1852,16
2016/12/06 16:02:34,193041,171854,269986,180945,1600,1514,1852,16
2016/12/06 15:28:36,192589,171372,269956,180945,1600,1513,1852,16
2016/12/06 14:01:24,192211,170827,269792,180811,1600,1513,1851,16
2016/12/06 13:00:56,192203,170687,269695,180761,1600,1510,1849,16
2016/12/06 12:48:31,192203,170077,269116,180727,1599,1510,1849,16
2016/12/06 00:19:04,191479,169830,269052,180693,1599,1507,1849,15
2016/12/05 23:01:35,191080,169052,269061,180193,1599,1508,1847,15
2016/12/05 22:02:19,190847,168561,268701,180043,1599,1506,1847,15
2016/12/05 21:00:03,190589,168016,268607,180009,1599,1505,1847,15
2016/12/05 20:20:27,190405,167032,268078,179975,1599,1505,1847,15
2016/12/05 16:03:53,190345,166932,268048,179975,1599,1505,1847,15
2016/12/05 15:02:55,189817,165930,266939,179641,1599,1502,1843,15
2016/12/05 12:00:10,189833,165952,266929,179641,1599,1502,1843,15
2016/12/05 11:05:10,189266,165379,266703,179557,1598,1500,1841,15
2016/12/05 00:12:18,188814,164893,266673,179557,1598,1499,1841,15
2016/12/04 23:06:10,189971,165379,267978,180098,1598,1509,1841,15
2016/12/04 22:00:47,190257,165154,267950,180163,1598,1512,1841,15
2016/12/04 21:01:08,191115,165184,268855,180812,1598,1516,1841,15
2016/12/04 20:04:19,190765,164568,268468,180628,1598,1514,1839,15
2016/12/04 19:05:52,191806,164959,268985,180843,1598,1516,1837,15
2016/12/04 18:16:05,191363,164560,268885,180743,1598,1516,1836,15
2016/12/04 13:00:27,191018,164115,268821,180709,1598,1515,1836,15
2016/12/04 12:07:23,191194,164268,268711,180709,1597,1515,1836,15
2016/12/04 11:37:04,190450,163445,268647,180675,1597,1514,1836,15
2016/12/04 01:16:52,190220,163471,268773,180593,1597,1511,1835,15
2016/12/04 00:22:41,189802,162738,268409,180409,1597,1511,1835,15
2016/12/03 23:04:53,189092,161831,268315,180375,1597,1510,1835,15
2016/12/03 19:03:46,189112,161731,268285,180375,1597,1510,1835,15
2016/12/03 18:12:27,189132,161631,268255,180375,1597,1509,1835,15
2016/12/03 17:01:16,189180,161543,268259,180375,1597,1509,1835,15
2016/12/03 16:19:46,188350,160512,268065,180241,1597,1508,1834,15
2016/12/03 14:01:40,189773,161301,268575,180552,1597,1512,1833,15
2016/12/03 13:26:52,189477,160900,268402,180517,1596,1512,1831,15
2016/12/03 01:53:13,189597,160382,269500,180568,1596,1514,1831,15
2016/12/02 23:00:40,189781,160030,269730,180729,1596,1515,1831,15
2016/12/02 22:27:38,190394,160360,269670,181089,1596,1514,1831,15
2016/12/02 21:42:28,189644,159529,269606,181055,1596,1514,1831,15
2016/12/02 19:02:44,191813,160691,270509,182000,1596,1523,1831,15
2016/12/02 18:05:23,192317,160557,270412,182191,1595,1526,1830,15
2016/12/02 17:06:09,195483,162498,271773,183964,1595,1536,1830,15
2016/12/02 16:06:40,198100,163568,274364,186552,1595,1541,1830,15
2016/12/02 15:12:24,197661,162410,274381,186068,1595,1539,1827,15
2016/12/02 14:06:21,197604,162119,274217,186018,1595,1536,1825,15
2016/12/02 13:31:39,197072,161748,274103,185984,1594,1536,1825,15
2016/12/02 00:00:54,197885,162092,274862,186140,1594,1537,1825,15
2016/12/01 23:07:04,200597,163270,277177,186335,1593,1544,1824,15
2016/12/01 22:31:17,203115,163786,281162,186821,1593,1550,1824,15
2016/12/01 20:12:19,204469,164171,283271,187181,1593,1554,1824,15
2016/12/01 19:58:41,204124,163726,283207,187147,1593,1554,1824,15
2016/12/01 17:06:46,205202,164529,283759,187547,1593,1556,1824,15
2016/12/01 16:00:00,205482,163864,283207,187457,1592,1560,1816,15
2016/12/01 15:04:39,206196,164711,282497,187204,1592,1557,1811,15
2016/12/01 14:42:05,205641,164230,282383,187170,1591,1557,1811,15
2016/12/01 00:06:04,206178,164314,283278,187170,1591,1557,1811,15
2016/11/30 23:19:40,204335,164378,283281,186870,1591,1560,1811,15
2016/11/30 22:22:09,203605,163451,283187,186836,1591,1559,1811,15
2016/11/30 21:28:54,203110,163392,282757,186836,1591,1559,1808,15
2016/11/30 20:02:09,202633,163057,282493,186752,1591,1558,1807,15
2016/11/30 19:13:20,201970,161555,281484,186268,1591,1555,1807,15
2016/11/30 18:00:50,201821,162224,281830,185828,1590,1552,1804,14
2016/11/30 17:39:46,201543,161779,281766,185794,1590,1551,1804,14
2016/11/30 16:03:39,201273,161033,281229,185394,1590,1551,1802,13
2016/11/30 15:06:08,200921,160396,281035,185260,1590,1550,1801,13
2016/11/30 14:00:36,200645,161251,281091,185110,1587,1549,1797,13
2016/11/30 13:51:54,200507,160379,280557,185076,1587,1548,1797,13
2016/11/30 00:02:47,200320,160903,281383,184786,1587,1547,1805,17
2016/11/29 23:07:01,199378,160891,281374,184712,1586,1545,1806,17
2016/11/29 22:00:24,198423,160892,281075,184482,1585,1541,1806,16
2016/11/29 21:13:10,198174,160539,281026,184459,1585,1541,1806,16
2016/11/29 20:02:42,197777,159152,280177,183779,1585,1539,1804,16
2016/11/29 19:09:43,197169,158133,279596,183445,1585,1539,1801,16
2016/11/29 18:00:10,196784,157679,279332,183361,1585,1538,1800,16
2016/11/29 17:56:51,196884,157020,278837,183361,1585,1538,1800,16
2016/11/29 16:02:49,196382,156361,278454,183127,1585,1537,1798,16
2016/11/29 15:05:53,196529,156439,278345,183077,1585,1536,1796,16
2016/11/29 14:58:52,196676,156535,278345,183077,1585,1536,1796,16
2016/11/29 00:09:03,195504,155969,277822,183009,1584,1536,1796,16
2016/11/28 23:02:15,195524,155997,277803,183009,1584,1536,1796,16
2016/11/28 22:04:23,194966,155152,277409,182825,1584,1536,1796,16
2016/11/28 21:00:12,195092,154524,276892,182825,1584,1535,1796,16
2016/11/28 20:01:10,195099,154064,276686,183101,1584,1533,1796,16
2016/11/28 19:03:33,194417,153224,276326,182901,1584,1531,1794,16
2016/11/28 18:05:24,194155,152801,276252,182867,1584,1530,1794,16
2016/11/28 17:01:25,194151,152543,276052,182802,1584,1528,1793,16
2016/11/28 16:34:23,194106,152450,276047,182752,1584,1528,1791,16
2016/11/28 15:08:40,194290,152663,276047,182752,1584,1528,1791,16
2016/11/28 14:49:19,193758,152265,275933,182718,1583,1527,1791,16
2016/11/28 00:02:29,193747,152195,275903,182718,1583,1527,1791,16
2016/11/27 23:31:06,193617,151795,275573,182568,1583,1527,1791,16
2016/11/27 22:43:50,192870,151060,275539,182534,1583,1527,1791,16
2016/11/27 21:04:03,192772,150862,275479,182534,1583,1527,1791,16
2016/11/27 20:01:21,192497,150417,275415,182500,1583,1526,1791,16
2016/11/27 19:01:57,190998,150514,275345,182049,1582,1521,1788,16
2016/11/27 18:13:30,191035,150525,275186,181965,1582,1518,1787,16
2016/11/27 17:06:13,190812,150299,274848,181765,1582,1518,1785,16
2016/11/27 16:02:25,190817,150306,274843,181765,1582,1518,1785,16
2016/11/27 15:17:17,190878,150128,274766,181765,1582,1517,1785,16
2016/11/27 14:07:31,190826,149962,274677,181715,1582,1516,1783,16
2016/11/27 13:23:03,191089,150303,274597,181715,1581,1516,1783,16
2016/11/27 01:01:51,194541,151782,277597,182665,1581,1524,1783,6
2016/11/27 00:00:04,196008,153603,277865,183270,1580,1525,1780,4
2016/11/26 23:02:14,199485,155111,279651,184861,1579,1531,1778,4
2016/11/26 22:04:40,201474,158481,282332,185596,1579,1532,1791,9
2016/11/26 21:00:47,201889,158674,282639,185594,1579,1536,1791,9
2016/11/26 20:03:59,202505,159093,282520,185729,1579,1534,1791,9
2016/11/26 19:08:12,206956,161696,285291,187541,1579,1543,1791,9
2016/11/26 18:00:12,214068,165897,289412,192127,1579,1561,1791,9
2016/11/26 17:01:37,214361,166212,289451,192152,1579,1562,1791,9
2016/11/26 16:00:51,214361,166232,289228,192117,1579,1562,1790,9
2016/11/26 15:00:15,214494,166438,289195,192117,1579,1562,1790,9
2016/11/26 14:05:00,214753,166652,289111,192192,1579,1561,1788,9
2016/11/26 13:33:12,214316,167181,288716,192192,1578,1561,1788,9
2016/11/26 02:04:07,214316,167181,288716,192192,1578,1561,1788,9
2016/11/26 01:13:04,217501,168616,289912,193753,1578,1573,1786,9
2016/11/26 00:47:38,217263,168681,289588,193943,1578,1574,1786,9
2016/11/25 20:06:44,217298,168600,289553,193943,1578,1573,1786,9
2016/11/25 19:14:38,217086,168108,288914,193493,1578,1572,1782,9
2016/11/25 18:00:30,219023,169328,289456,195038,1578,1577,1786,11
2016/11/25 17:01:11,221843,172816,291032,197204,1578,1587,1785,11
2016/11/25 16:03:27,222104,172956,291030,197340,1578,1590,1785,11
2016/11/25 15:00:04,222288,173254,290982,197340,1578,1590,1785,11
2016/11/25 14:49:29,221704,173430,290637,197340,1578,1590,1785,11
2016/11/25 11:00:27,221805,173527,290618,197360,1578,1590,1785,11
2016/11/25 10:01:33,221820,173595,290303,197285,1577,1589,1782,11
2016/11/25 09:45:35,221535,173910,290073,198123,1577,1589,1782,11
2016/11/25 01:05:34,221535,173910,290073,198123,1577,1589,1782,11
2016/11/25 00:00:01,221707,173951,290073,198253,1577,1589,1782,11
2016/11/24 23:09:16,223798,174665,290317,199540,1577,1590,1782,11
2016/11/24 22:04:34,226957,176455,291935,201750,1577,1601,1782,11
2016/11/24 21:01:47,229984,178174,292496,205470,1577,1606,1782,11
2016/11/24 20:04:02,231643,178776,293196,206801,1577,1618,1782,11
2016/11/24 19:09:14,234221,180022,294518,208486,1577,1627,1781,11
2016/11/24 18:00:45,234483,180088,294414,209087,1577,1626,1781,11
2016/11/24 17:00:00,235742,180914,295682,209311,1577,1630,1781,11
2016/11/24 16:00:41,235560,181206,295449,209324,1577,1631,1781,11
2016/11/24 15:03:41,235707,181361,295435,209364,1577,1631,1781,11
2016/11/24 14:04:29,235850,181496,295420,209414,1577,1631,1781,11
2016/11/24 13:03:14,235912,182407,294823,209154,1576,1632,1776,10
2016/11/24 00:00:55,236806,183320,295133,209363,1576,1636,1776,10
2016/11/23 23:00:54,237712,184464,295124,209503,1576,1638,1776,10
2016/11/23 22:02:59,238034,185483,294889,209691,1576,1640,1776,10
2016/11/23 21:00:15,239479,186556,296097,209891,1576,1645,1776,10
2016/11/23 20:02:52,240438,187576,296378,210106,1576,1649,1776,10
2016/11/23 19:06:55,242745,189479,298109,210498,1576,1655,1776,10
2016/11/23 18:01:57,243686,191195,298445,210738,1576,1661,1775,10
2016/11/23 17:01:49,244911,192500,298560,210878,1576,1662,1775,10
2016/11/23 16:01:09,244744,192345,298286,210738,1576,1661,1772,10
2016/11/23 15:34:23,244989,192595,298286,210688,1576,1661,1771,10
2016/11/23 13:00:35,245030,192637,298286,210688,1576,1661,1771,10
2016/11/23 12:32:28,244554,193172,297891,210688,1575,1661,1771,10
2016/11/23 00:20:24,243402,193164,297446,210188,1575,1661,1768,9
2016/11/22 20:11:49,244224,194529,297543,210188,1575,1668,1768,9
2016/11/22 19:16:12,244642,196044,297369,210250,1575,1672,1768,9
2016/11/22 18:37:35,244642,196039,297359,210250,1575,1672,1768,9
2016/11/22 17:07:09,244804,196190,297218,210320,1575,1672,1768,9
2016/11/22 16:03:00,246207,199399,297251,210525,1575,1682,1768,9
2016/11/22 15:00:06,246136,199339,296933,210407,1575,1681,1766,9
2016/11/22 14:02:58,246396,199757,296873,210407,1574,1681,1765,9
2016/11/22 13:40:48,245975,199931,296518,210407,1574,1681,1765,9
2016/11/22 00:00:10,247405,202242,296664,210622,1574,1688,1765,9
2016/11/21 23:00:01,247584,202279,296574,210697,1574,1687,1765,9
2016/11/21 22:00:09,247942,203161,296698,210997,1574,1696,1764,2
2016/11/21 21:00:50,249181,204239,297115,211327,1574,1702,1764,2
2016/11/21 20:00:09,250413,205321,297537,211827,1572,1713,1762,2
2016/11/21 19:00:10,250023,205756,297149,211902,1572,1713,1762,2
2016/11/21 18:01:45,251262,206832,297661,212581,1572,1717,1762,2
2016/11/21 17:17:42,252905,208435,298021,213532,1572,1725,1762,2
2016/11/21 16:01:10,253491,209565,298056,213954,1572,1737,1762,2
2016/11/21 15:00:21,254908,210456,299294,214412,1572,1759,1762,2
2016/11/21 14:01:09,255096,210467,298922,214955,1572,1761,1760,2
2016/11/21 13:36:52,254185,210511,298522,214960,1571,1761,1759,2
2016/11/21 00:02:22,254320,210534,298473,214995,1571,1761,1759,2
2016/11/20 23:18:07,253914,210198,298385,215055,1571,1761,1759,2
2016/11/20 22:07:10,255770,211845,298916,216120,1571,1766,1759,2
2016/11/20 21:07:33,257552,214235,299173,216921,1571,1776,1759,2
2016/11/20 20:03:01,258899,214519,299431,218565,1571,1779,1763,4
2016/11/20 19:00:05,261207,215706,300000,219517,1571,1788,1763,4
2016/11/20 18:36:03,260383,215496,299741,219317,1571,1789,1762,4
2016/11/20 14:05:31,261276,216050,299683,219798,1571,1789,1762,4
2016/11/20 13:02:51,263316,217280,299547,220853,1571,1790,1762,4
2016/11/20 12:00:07,264541,218174,298852,221860,1570,1793,1762,4
2016/11/20 11:00:03,264386,219052,300000,223184,1568,1796,1760,4
2016/11/20 10:01:24,264775,219089,300000,222935,1568,1798,1758,4
2016/11/20 09:06:56,264148,219016,300000,222711,1567,1796,1756,4
2016/11/20 01:03:37,263466,218954,300000,222661,1566,1795,1755,4
2016/11/20 00:10:35,262864,218168,300000,222511,1566,1795,1755,4
2016/11/19 23:45:41,262884,218068,300000,222511,1566,1795,1755,4
2016/11/19 22:00:08,262232,218156,300000,222511,1566,1795,1755,4
2016/11/19 21:10:43,261814,217592,300000,222511,1566,1795,1755,4
2016/11/19 20:02:46,261286,216818,299126,222171,1564,1788,1751,4
2016/11/19 19:22:14,260319,217610,300000,221931,1564,1785,1751,4
2016/11/19 01:19:48,258029,216759,299987,221781,1563,1783,1749,4
2016/11/18 10:40:36,257178,216779,299804,221781,1562,1783,1749,4
2016/11/18 01:57:13,256074,216385,299429,221781,1562,1782,1749,4
2016/11/18 00:19:38,256468,216340,300000,221801,1562,1782,1749,4
2016/11/17 23:24:50,256016,215862,300000,221801,1562,1781,1749,4
2016/11/17 22:03:34,255384,215850,300000,221801,1562,1781,1749,4
2016/11/17 21:04:06,255384,215850,300000,221801,1562,1781,1749,4
2016/11/17 20:16:00,254952,215272,300000,221801,1562,1781,1749,4
2016/11/17 19:04:02,254275,214970,300000,221651,1562,1779,1749,4
2016/11/17 18:00:48,254022,214613,300000,221651,1562,1778,1749,4
2016/11/17 17:00:12,254056,214519,300000,221651,1562,1778,1749,4
2016/11/17 16:03:10,253019,213988,299445,221451,1560,1776,1746,4
2016/11/17 15:04:11,252693,214320,300000,222051,1560,1770,1753,1
2016/11/17 14:10:54,252713,214220,300000,222051,1560,1770,1753,1
2016/11/17 13:06:55,251814,214165,300000,222001,1559,1768,1751,1
2016/11/17 00:23:18,251362,213675,300000,222001,1559,1768,1751,1
2016/11/16 23:05:28,251402,213475,300000,222001,1559,1768,1751,1
2016/11/16 22:03:16,250298,213077,300000,222001,1559,1767,1751,1
2016/11/16 21:13:36,250338,212877,300000,222001,1559,1767,1751,1
2016/11/16 20:00:21,250378,212677,300000,222001,1559,1767,1751,1
2016/11/16 19:09:01,249144,211879,299378,221851,1559,1767,1751,1
2016/11/16 18:05:23,249164,211779,299348,221851,1559,1766,1751,1
2016/11/16 17:00:37,248624,211838,298923,221801,1558,1765,1750,1
2016/11/16 16:59:19,248072,211273,298893,221801,1558,1765,1750,1
2016/11/16 15:01:59,248347,211502,298831,221751,1558,1765,1749,1
2016/11/16 14:11:31,248241,212486,299979,221551,1558,1759,1770,6
2016/11/16 13:15:02,247153,212112,300000,221351,1557,1759,1768,5
2016/11/16 00:31:33,246701,211622,300000,221351,1557,1759,1768,5
2016/11/15 23:02:49,245669,211614,300000,220951,1557,1759,1766,4
2016/11/15 22:23:09,245689,211514,300000,220951,1557,1758,1766,4
2016/11/15 21:18:29,245107,210624,300000,220801,1557,1757,1766,4
2016/11/15 20:00:37,244495,210410,299619,220601,1557,1755,1764,3
2016/11/15 19:02:57,242946,210407,300000,219891,1557,1751,1763,3
2016/11/15 18:02:20,242899,210343,300000,219891,1557,1749,1763,3
2016/11/15 17:04:40,241283,209549,300000,219391,1557,1746,1757,3
2016/11/15 11:01:38,241186,209334,300000,219291,1557,1745,1756,3
2016/11/15 10:18:01,240155,208974,300000,219241,1556,1743,1754,3
2016/11/15 00:14:27,239879,208584,299733,219021,1555,1741,1752,3
2016/11/14 23:06:41,238795,208090,299328,219021,1555,1741,1752,3
2016/11/14 22:02:26,238835,207890,299268,219021,1555,1740,1752,3
2016/11/14 21:01:35,238397,207998,299875,219011,1555,1740,1754,3
2016/11/14 20:01:18,237477,207683,299900,218761,1554,1736,1752,3
2016/11/14 19:10:03,237497,207583,299870,218761,1554,1736,1752,3
2016/11/14 18:12:23,237065,207001,299810,218761,1554,1736,1752,3
2016/11/14 17:03:46,236303,206893,299405,218761,1554,1736,1752,3
2016/11/14 16:00:03,236021,206553,299245,218611,1554,1735,1750,3
2016/11/14 14:11:58,235157,206408,298790,218611,1553,1735,1750,3
2016/11/14 00:00:19,235021,206091,298579,218391,1552,1733,1749,4
2016/11/13 23:17:36,234316,206301,299105,218259,1552,1730,1751,4
2016/11/13 22:04:42,233585,206204,298649,218218,1552,1726,1751,4
2016/11/13 21:14:05,233157,205459,298285,218034,1552,1725,1751,4
2016/11/13 20:11:22,233197,205259,298225,218034,1552,1724,1751,4
2016/11/13 18:20:43,232093,204869,297850,218034,1552,1723,1751,4
2016/11/13 16:08:59,232126,204769,297846,218034,1552,1723,1751,4
2016/11/13 15:16:35,231764,205102,297471,217984,1552,1722,1750,4
2016/11/13 14:34:57,231312,204620,297441,217984,1552,1722,1750,4
2016/11/13 13:01:49,231336,205574,297781,217884,1552,1720,1749,4
2016/11/13 12:12:53,230388,205433,297326,217884,1551,1719,1749,4
2016/11/13 01:08:18,229709,205433,296951,217884,1551,1718,1749,4
2016/11/13 00:05:22,229699,205183,296841,217834,1550,1718,1748,4
2016/11/12 23:02:45,229247,204697,296811,217834,1550,1717,1748,4
2016/11/12 22:21:10,229367,203938,296286,217834,1550,1716,1748,4
2016/11/12 21:01:19,229415,203746,296236,217834,1550,1715,1748,4
2016/11/12 20:00:33,228989,203274,296109,217787,1550,1714,1748,4
2016/11/12 19:16:54,228943,202988,296015,217713,1550,1713,1747,4
2016/11/12 18:10:33,228954,202004,295203,217563,1550,1713,1747,4
2016/11/12 17:01:06,228097,201594,294809,217299,1549,1710,1747,4
2016/11/12 16:07:55,227566,200574,294163,217232,1549,1706,1747,4
2016/11/12 14:00:40,226768,199494,293399,216897,1549,1703,1741,4
2016/11/12 13:07:38,226522,199761,294020,216777,1548,1698,1751,9
2016/11/12 01:00:07,226628,199118,293525,216777,1548,1697,1751,9
2016/11/12 00:00:39,225426,198977,293166,216747,1548,1694,1746,6
2016/11/11 23:48:27,225062,198291,292724,216549,1548,1694,1746,6
2016/11/11 22:11:37,224212,197125,291882,216214,1546,1691,1746,6
2016/11/11 21:01:26,224129,196866,291741,216210,1546,1690,1746,6
2016/11/11 20:07:38,223604,197338,292268,216036,1545,1686,1746,6
2016/11/11 19:25:31,223534,196388,291609,215852,1545,1686,1744,6
2016/11/11 14:00:02,223363,196096,291233,215701,1545,1684,1741,6
2016/11/11 13:26:46,223343,195487,290654,215667,1544,1683,1741,6
2016/11/11 01:00:10,223115,194451,290091,215673,1544,1682,1741,6
2016/11/11 00:04:41,223064,194335,289626,215554,1542,1681,1739,6
2016/11/10 23:13:06,223084,194235,289596,215554,1542,1680,1739,6
2016/11/10 22:33:02,223084,194235,289596,215554,1542,1680,1739,6
2016/11/10 21:01:15,222849,193271,289060,215520,1542,1679,1739,6
2016/11/10 20:06:05,221921,192057,287839,214886,1541,1675,1736,6
2016/11/10 19:00:06,222065,192048,287750,214886,1541,1674,1736,6
2016/11/10 18:46:32,222460,191879,287285,214836,1541,1674,1735,6
2016/11/10 17:49:26,222115,191434,287221,214802,1541,1674,1735,6
2016/11/10 12:03:37,222259,190698,286663,214802,1541,1673,1735,6
2016/11/10 11:00:31,221952,190121,286432,214668,1541,1672,1734,6
2016/11/10 10:03:49,221608,189874,286188,214134,1540,1668,1734,6
2016/11/09 20:32:16,221628,189774,286158,214134,1540,1668,1734,6
2016/11/09 19:01:25,221148,189590,286116,214050,1540,1664,1733,5
2016/11/09 18:24:56,220314,188379,284857,213866,1540,1662,1730,5
2016/11/09 17:07:48,220354,188179,284797,213866,1540,1661,1730,5
2016/11/09 16:35:45,220076,187734,284733,213832,1540,1660,1730,5
2016/11/09 15:03:50,220130,186684,284215,213332,1540,1660,1728,5
2016/11/09 14:01:14,219231,186841,284436,212958,1539,1656,1725,5
2016/11/09 13:03:31,219249,186763,284116,212758,1538,1654,1723,4
2016/11/09 12:45:47,219093,185797,283587,212724,1538,1654,1723,4
2016/11/09 00:12:29,218790,185132,283058,212240,1538,1653,1720,3
2016/11/08 21:11:48,218512,184687,282994,212206,1538,1652,1720,3
2016/11/08 20:10:23,218332,183424,281969,211906,1538,1651,1717,3
2016/11/08 19:40:11,217904,182679,281605,211722,1538,1651,1717,3
2016/11/08 17:20:54,217726,181567,281046,211688,1538,1650,1717,3
2016/11/08 16:14:31,217766,181367,280986,211688,1538,1648,1717,3
2016/11/08 15:02:31,217588,180255,280427,211654,1538,1648,1717,3
2016/11/08 14:00:07,217555,180055,280297,211554,1538,1648,1716,3
2016/11/08 13:01:27,217250,179610,280233,211520,1538,1647,1716,3
2016/11/08 12:19:42,217276,178937,279624,211486,1537,1646,1716,3
2016/11/07 20:38:39,217078,177925,279095,211452,1537,1645,1716,3
2016/11/07 18:06:29,217006,177842,279065,211452,1537,1644,1716,3
2016/11/07 17:00:30,216473,177151,278566,211268,1537,1643,1714,3
2016/11/07 16:01:10,216293,176162,277899,211084,1537,1641,1712,3
2016/11/07 14:00:08,216293,176162,277899,211084,1537,1641,1712,3
2016/11/07 13:05:11,216258,175438,277230,211000,1536,1638,1710,3
2016/11/07 00:01:09,216422,174713,276667,211000,1536,1638,1710,3
2016/11/06 23:30:01,216204,174332,276534,210964,1536,1638,1710,3
2016/11/06 21:20:51,215918,173288,275667,210873,1536,1636,1709,3
2016/11/06 20:00:02,216881,174494,275907,210925,1536,1636,1709,3
2016/11/06 19:02:24,217216,174703,275875,210936,1536,1636,1709,3
2016/11/06 18:01:14,217574,174168,274967,210762,1535,1635,1708,3
2016/11/06 17:06:10,219050,175417,274934,212291,1535,1632,1732,19
2016/11/06 16:57:48,218775,174972,274870,212257,1535,1632,1732,19
2016/11/06 15:00:25,219019,174601,273902,212027,1534,1631,1730,19
2016/11/06 14:00:50,218748,174052,273654,211893,1534,1631,1729,19
2016/11/06 13:24:07,219150,177304,276556,212823,1532,1627,1752,19
2016/11/06 12:40:35,218952,176296,276027,212789,1532,1627,1752,19
2016/11/06 01:01:23,217412,175670,274420,209553,1531,1624,1752,14
2016/11/06 00:00:48,216513,174919,274750,209259,1531,1626,1751,14
2016/11/05 23:02:17,216580,174903,274225,210385,1530,1625,1759,19
2016/11/05 22:00:59,217572,175019,274340,209905,1529,1626,1759,17
2016/11/05 21:02:09,217673,174899,274235,209901,1529,1625,1759,17
2016/11/05 20:03:51,217640,174490,273878,209756,1529,1624,1759,17
2016/11/05 19:03:43,218089,174274,273395,209643,1529,1623,1759,17
2016/11/05 18:57:37,218086,174149,273315,209455,1528,1623,1758,17
2016/11/05 17:00:34,218378,173743,272804,209456,1528,1622,1758,17
2016/11/05 16:00:14,219258,174962,273274,209496,1528,1617,1758,17
2016/11/05 15:00:43,219588,175194,273121,209352,1528,1616,1756,17
2016/11/05 14:19:08,219353,174159,272238,209136,1527,1615,1753,17
2016/11/05 01:00:23,219871,174646,272223,209043,1527,1614,1753,17
2016/11/05 00:00:19,220400,175000,272172,208935,1527,1613,1753,17
2016/11/04 23:00:14,220768,174731,271675,208952,1527,1612,1753,17
2016/11/04 22:00:56,221195,175001,271559,208960,1527,1612,1753,17
2016/11/04 21:00:44,221853,177379,273064,208810,1526,1613,1752,17
2016/11/04 20:00:18,222295,177000,272515,208806,1526,1613,1752,17
2016/11/04 19:00:40,223195,177832,272458,208836,1526,1610,1752,17
2016/11/04 18:07:06,223170,177000,271316,208293,1526,1606,1745,17
2016/11/04 10:48:07,223438,176635,270817,208173,1525,1606,1745,17
2016/11/04 00:17:49,223888,176555,271557,208053,1525,1605,1745,17
2016/11/03 23:00:42,224702,176366,271178,208640,1525,1605,1745,17
2016/11/03 22:02:32,226464,177188,271754,209399,1525,1611,1745,17
2016/11/03 21:00:22,229272,178250,273028,210171,1524,1617,1753,20
2016/11/03 20:01:19,230688,178779,273108,210565,1524,1619,1752,20
2016/11/03 19:02:53,233743,180380,274331,212088,1524,1628,1749,19
2016/11/03 18:02:39,236000,181229,274959,212333,1524,1636,1747,19
2016/11/03 16:05:10,235480,181563,274445,212273,1523,1633,1745,19
2016/11/03 15:08:34,235991,181871,274000,211777,1522,1631,1743,19
2016/11/03 14:00:53,236519,181604,273487,211674,1522,1630,1743,19
2016/11/03 13:04:15,237817,182663,273683,211553,1522,1630,1743,19
2016/11/03 12:00:03,239494,183305,274019,212254,1522,1630,1739,19
2016/11/03 11:39:30,239852,183052,273474,212116,1521,1630,1739,19
2016/11/03 00:00:22,240482,183171,274308,211978,1521,1638,1739,19
2016/11/02 23:02:53,241926,183065,275382,212255,1521,1644,1739,19
2016/11/02 22:02:58,247640,185251,282466,213739,1521,1664,1737,19
2016/11/02 21:03:09,253433,188119,288777,214931,1521,1679,1737,19
2016/11/02 20:01:57,259120,190474,294014,215753,1520,1692,1736,19
2016/11/02 19:01:57,259458,190411,293801,215590,1520,1697,1735,19
2016/11/02 18:05:43,259760,190422,293919,215314,1520,1703,1735,19
2016/11/02 17:32:42,259889,189788,293419,215176,1520,1703,1735,19
2016/11/02 16:08:30,259913,189809,293419,215084,1520,1703,1735,19
2016/11/02 15:00:41,259952,189802,293116,214396,1520,1695,1744,28
2016/11/02 14:47:57,260110,189370,292371,214058,1519,1695,1742,27
2016/11/02 00:04:45,265427,191714,298468,214523,1518,1706,1739,26
2016/11/01 23:01:26,267244,192921,299447,214792,1519,1714,1739,26
2016/11/01 22:30:30,268097,193508,299904,214376,1517,1720,1734,24
2016/11/01 21:01:03,267317,192608,299074,214376,1517,1719,1734,19
2016/11/01 20:00:03,267413,193873,298895,214150,1516,1715,1734,18
2016/11/01 19:02:23,267902,193393,298243,213972,1516,1714,1733,18
2016/11/01 18:00:25,267721,192421,297377,213121,1514,1714,1723,18
2016/11/01 17:00:51,267715,192191,297074,212883,1514,1712,1722,18
2016/11/01 16:00:31,267996,191746,296424,212545,1514,1710,1718,18
2016/11/01 15:59:51,267996,191646,296394,212407,1514,1709,1718,18
2016/11/01 14:00:05,268148,191924,296344,212407,1513,1709,1718,18
2016/11/01 13:50:33,268040,190934,295349,211969,1513,1708,1715,18
2016/11/01 00:02:38,268085,190933,295319,211831,1513,1708,1715,18
2016/10/31 23:32:31,268113,190323,294832,211693,1513,1707,1715,18
2016/10/31 21:02:58,267931,190236,294544,211505,1513,1704,1714,18
2016/10/31 20:03:14,267958,190239,294484,211229,1513,1703,1714,18
2016/10/31 19:05:44,268080,189514,293952,211091,1513,1701,1714,18
2016/10/31 18:03:02,268068,189121,293548,210665,1513,1701,1714,18
2016/10/31 17:02:10,267834,189414,294150,210405,1513,1697,1721,22
2016/10/31 16:00:00,267913,188784,293454,209975,1513,1695,1717,22
2016/10/31 13:21:01,268329,188498,292879,209837,1512,1694,1717,22
2016/10/31 00:14:39,268492,188575,292854,209847,1512,1693,1717,22
2016/10/30 23:00:07,268679,188539,292797,209581,1512,1692,1717,22
2016/10/30 22:07:49,268947,187950,292272,209448,1512,1692,1717,22
2016/10/30 21:02:22,269032,187801,292198,209310,1512,1692,1717,22
2016/10/30 20:00:18,269050,186918,291375,209022,1512,1691,1717,22
2016/10/30 19:00:41,269176,186806,291296,208746,1512,1689,1717,22
2016/10/30 18:00:46,269072,186476,290933,208458,1512,1687,1714,22
2016/10/30 17:07:03,269406,186000,290308,208032,1512,1686,1712,22
2016/10/30 14:25:20,269782,185864,289763,207894,1511,1685,1712,22
2016/10/30 01:00:39,269587,185862,289627,207706,1511,1682,1713,22
2016/10/30 00:10:21,269711,185746,289506,207568,1511,1681,1713,22
2016/10/29 23:02:30,269797,185597,289436,207430,1511,1680,1713,22
2016/10/29 22:00:10,270001,185040,288891,207154,1511,1680,1713,22
2016/10/29 21:03:54,270105,184911,288811,207016,1511,1679,1713,22
2016/10/29 20:01:58,270167,183946,287957,206590,1511,1678,1713,22
2016/10/29 18:10:20,270207,183865,287927,206452,1511,1677,1713,22
2016/10/29 17:00:15,270263,183806,287887,206314,1511,1677,1713,22
2016/10/29 16:00:17,270216,182884,287073,205888,1511,1676,1710,22
2016/10/29 15:19:10,270464,182919,286913,205600,1511,1675,1708,22
2016/10/29 14:02:43,270838,182664,286338,205360,1510,1673,1708,22
2016/10/29 01:30:18,270962,182029,285843,205240,1510,1672,1708,22
2016/10/28 22:01:00,271062,181370,285348,205240,1510,1672,1708,22
2016/10/28 21:25:12,271106,181294,285318,205120,1510,1672,1708,22
2016/10/28 20:18:16,271170,181117,285258,205000,1510,1671,1708,22
2016/10/28 19:13:33,271188,180104,284433,204592,1510,1670,1708,22
2016/10/28 17:00:27,271208,180004,284403,204592,1510,1669,1708,22
2016/10/28 16:02:03,270806,180222,284028,204266,1510,1669,1707,22
2016/10/28 15:18:26,270862,180062,283868,204028,1510,1668,1706,22
2016/10/28 13:10:58,271122,180376,283788,203890,1509,1667,1706,22
2016/10/28 12:53:38,270522,180395,283413,203752,1509,1666,1706,22
2016/10/28 00:27:20,270682,180317,283602,203614,1509,1665,1706,22
2016/10/27 23:08:59,270746,180139,283542,203476,1509,1664,1706,22
2016/10/27 22:31:36,270146,180157,283167,203338,1509,1664,1706,22
2016/10/27 21:14:31,270216,179987,283107,203200,1509,1663,1706,22
2016/10/27 20:11:59,270286,179818,283047,203062,1509,1661,1706,22
2016/10/27 19:09:39,270415,179189,282547,202924,1509,1661,1706,22
2016/10/27 18:00:03,270369,178757,282178,202636,1509,1661,1706,22
2016/10/27 17:05:19,270503,178668,282046,202360,1509,1660,1706,22
2016/10/27 16:02:01,270670,178140,281238,202082,1509,1657,1704,22
2016/10/27 15:56:12,270678,178053,281108,201844,1509,1656,1703,22
2016/10/27 14:00:07,270578,178153,281278,201804,1508,1654,1701,22
2016/10/27 13:43:46,270954,177971,280733,201666,1507,1654,1698,21
2016/10/27 00:26:45,270366,178080,280448,201558,1507,1654,1699,21
2016/10/26 22:12:43,270412,178003,280418,201420,1507,1653,1699,21
2016/10/26 21:06:11,270478,177825,280358,201282,1507,1653,1699,21
2016/10/26 20:06:23,270641,177099,279805,201144,1507,1653,1699,21
2016/10/26 19:01:59,270713,177047,279705,200818,1506,1652,1698,21
2016/10/26 18:01:03,270815,176918,279616,200680,1506,1651,1698,21
2016/10/26 17:02:02,270149,176674,278619,200122,1506,1648,1696,20
2016/10/26 16:17:02,270227,177645,279452,199696,1505,1646,1693,20
2016/10/26 14:16:51,269621,177655,279077,199558,1505,1645,1693,20
2016/10/26 13:01:04,267637,175524,276256,198077,1505,1652,1671,11
2016/10/26 12:01:43,267502,175159,275841,197789,1505,1649,1668,11
2016/10/26 11:36:03,266746,175664,275416,197251,1504,1649,1666,10
2016/10/26 00:08:27,266715,175813,275541,197103,1503,1648,1667,10
2016/10/25 23:02:32,266740,175720,275506,197103,1503,1647,1667,10
2016/10/25 22:00:38,266495,175358,275171,196865,1501,1646,1665,10
2016/10/25 21:10:11,265931,175292,274766,196589,1501,1646,1665,10
2016/10/25 20:00:08,265995,175215,274736,196589,1501,1645,1665,10
2016/10/25 19:59:46,265995,175115,274706,196451,1501,1644,1665,10
2016/10/25 18:00:09,265375,174998,274175,196263,1500,1642,1664,10
2016/10/25 17:00:24,266760,176251,274561,196225,1500,1646,1664,10
2016/10/25 16:00:00,267130,176524,274352,195889,1500,1645,1661,10
2016/10/25 15:19:45,266424,176209,273477,195401,1500,1645,1657,10
2016/10/25 14:00:03,266448,176232,273477,195263,1500,1645,1657,10
2016/10/25 13:15:22,266412,175956,273317,195025,1500,1645,1656,10
2016/10/25 12:00:05,266058,176296,272862,194887,1499,1645,1656,10
2016/10/25 00:02:48,265456,176316,272487,194749,1499,1644,1656,10
2016/10/24 23:13:37,265520,176140,272427,194611,1499,1643,1656,10
2016/10/24 22:07:03,265434,175664,272067,194323,1499,1642,1656,10
2016/10/24 21:13:37,264676,175676,271692,194185,1499,1641,1656,10
2016/10/24 20:06:35,264744,175624,271662,193909,1499,1640,1656,10
2016/10/24 19:01:19,264729,175349,271827,193226,1499,1639,1653,9
2016/10/24 18:02:39,265446,176411,271504,193058,1498,1639,1649,9
2016/10/24 17:54:33,264838,176423,271129,192920,1498,1639,1649,9
2016/10/24 00:12:03,265213,176570,271498,192812,1498,1639,1649,9
2016/10/23 23:17:59,265257,176493,271468,192674,1498,1639,1649,9
2016/10/23 22:06:24,264605,176581,271123,192674,1498,1639,1649,9
2016/10/23 21:06:36,264716,176562,270751,192313,1497,1636,1649,9
2016/10/23 20:00:08,264790,176410,270611,192125,1496,1635,1648,9
2016/10/23 19:00:15,266058,178587,271218,192995,1495,1638,1649,9
2016/10/23 18:04:00,266190,178622,271188,192719,1495,1638,1649,9
2016/10/23 17:18:08,266168,178184,270828,192381,1495,1637,1648,9
2016/10/23 16:03:32,265732,178300,270423,192105,1495,1636,1648,9
2016/10/23 14:00:56,265720,178173,269978,191632,1495,1634,1647,9
2016/10/23 13:00:47,265675,179032,270143,191337,1495,1632,1644,9
2016/10/23 12:43:36,265171,179345,269668,191199,1494,1631,1644,9
2016/10/23 01:01:39,265702,179660,269711,190846,1494,1631,1638,6
2016/10/23 00:00:14,264687,179420,269127,190813,1494,1628,1638,6
2016/10/22 23:44:13,264754,179367,269083,190675,1494,1627,1638,6
2016/10/22 22:02:12,262928,179497,268689,190166,1493,1622,1631,1
2016/10/22 21:08:34,262638,179784,268284,189978,1493,1621,1630,1
2016/10/22 20:09:45,262658,179684,268254,189978,1493,1621,1630,1
2016/10/22 19:06:23,262722,179507,268194,189840,1493,1619,1630,1
2016/10/22 18:00:15,262134,179418,267789,189702,1493,1618,1630,1
2016/10/22 17:26:38,262028,179041,267459,189414,1493,1617,1630,1
2016/10/22 16:06:05,262077,178847,267295,189275,1493,1614,1630,1
2016/10/22 15:05:45,261513,178781,266890,188999,1493,1612,1630,1
2016/10/22 13:04:10,261411,178438,266666,188573,1493,1610,1627,1
2016/10/22 12:32:19,260528,178886,265841,188435,1492,1610,1624,1
2016/10/22 00:07:37,260557,178816,265811,188435,1492,1610,1624,1
2016/10/21 23:01:43,260408,178817,265870,188099,1490,1607,1625,1
2016/10/21 22:01:30,260308,178483,265522,187811,1490,1604,1623,1
2016/10/21 21:33:48,260491,178612,265312,187484,1490,1602,1620,1
2016/10/21 19:14:48,259883,178620,264937,187346,1490,1601,1620,1
2016/10/21 10:43:41,259582,178576,264618,186708,1489,1600,1618,1
2016/10/21 00:03:08,259139,178582,264514,186363,1488,1599,1618,1
2016/10/20 23:18:33,258498,178452,263977,186216,1488,1599,1618,1
2016/10/20 19:00:41,257925,178378,263553,186078,1488,1599,1618,1
2016/10/20 18:07:42,258024,178235,263484,185848,1488,1598,1618,1
2016/10/20 16:01:08,256876,177815,262283,185160,1487,1592,1623,5
2016/10/20 15:01:32,256780,178092,261993,184654,1485,1591,1620,5
2016/10/20 14:00:17,256804,177878,261873,184466,1485,1590,1619,5
2016/10/20 13:22:14,256077,177765,261343,184228,1485,1589,1617,5
2016/10/20 10:28:29,255657,178153,260918,184090,1484,1588,1617,5
2016/10/20 00:58:04,255701,178074,260888,183952,1484,1587,1617,5
2016/10/19 23:00:36,255137,178001,260483,183676,1484,1586,1617,5
2016/10/19 22:06:59,255181,177923,260453,183538,1484,1585,1617,5
2016/10/19 21:08:24,255095,177445,260093,183250,1484,1583,1617,5
2016/10/19 20:01:10,255000,177233,259858,183012,1484,1582,1616,5
2016/10/19 19:02:58,254145,176862,259133,182728,1482,1580,1614,5
2016/10/19 16:00:51,254037,176580,258903,182340,1482,1579,1611,4
2016/10/19 15:50:33,254111,176675,258773,182102,1482,1578,1610,4
2016/10/19 14:26:18,253263,176820,258259,181514,1481,1575,1606,3
2016/10/19 00:12:14,253309,176744,258229,181376,1481,1575,1606,3
2016/10/18 23:18:01,253355,176668,258199,181238,1481,1575,1606,3
2016/10/18 22:01:02,252769,176576,257794,181100,1481,1573,1606,3
2016/10/18 21:06:33,252815,176500,257764,180962,1481,1573,1606,3
2016/10/18 20:34:50,252861,176424,257734,180824,1481,1572,1606,3
2016/10/18 19:06:49,252471,176451,257029,180394,1481,1571,1605,3
2016/10/18 17:03:06,251898,176488,256621,180256,1481,1571,1605,3
2016/10/18 16:00:34,252047,176407,256490,179980,1481,1571,1605,3
2016/10/18 15:01:22,251923,176050,256022,179642,1481,1570,1603,3
2016/10/18 14:06:47,251204,175747,254944,179108,1480,1567,1598,3
2016/10/17 23:11:28,251250,175669,254914,179016,1480,1567,1598,3
2016/10/17 22:00:29,251296,175591,254884,178878,1480,1567,1598,3
2016/10/17 21:14:27,251362,175413,254824,178740,1480,1567,1598,3
2016/10/17 20:01:04,250652,175041,254119,178314,1480,1566,1598,3
2016/10/17 19:14:19,250672,174941,254089,178314,1480,1566,1598,3
2016/10/17 18:03:09,250660,174830,254029,178038,1480,1566,1598,3
2016/10/17 17:32:49,250054,174836,253654,177900,1480,1566,1598,3
2016/10/17 16:00:20,250164,174847,253624,177762,1480,1566,1598,3
2016/10/17 15:10:45,250272,174883,253414,177524,1479,1564,1597,3
2016/10/17 14:45:00,249640,174867,253039,177524,1479,1563,1597,3
2016/10/17 00:16:28,249686,174789,253009,177386,1479,1562,1597,3
2016/10/16 23:01:26,249752,174611,252949,177248,1479,1561,1597,3
2016/10/16 22:21:06,249798,174533,252919,177110,1479,1560,1597,3
2016/10/16 21:05:48,249214,174561,252544,176834,1479,1560,1597,3
2016/10/16 20:20:27,249128,174083,252184,176546,1479,1560,1597,3
2016/10/16 19:25:10,249192,173905,252124,176408,1479,1560,1597,3
2016/10/16 18:55:18,248584,173911,251749,176270,1479,1559,1597,3
2016/10/16 17:19:49,248648,173733,251689,176132,1479,1557,1597,3
2016/10/16 16:05:16,248526,173687,251709,175746,1478,1555,1597,3
2016/10/16 15:34:00,248106,174052,251284,175608,1477,1555,1597,3
2016/10/16 01:09:01,248155,173975,251263,175470,1477,1554,1597,3
2016/10/16 00:09:24,248119,173698,251103,175232,1477,1552,1596,3
2016/10/15 23:01:19,248287,173891,251023,175094,1476,1551,1596,3
2016/10/15 22:11:06,247723,173821,250618,174818,1476,1551,1596,3
2016/10/15 21:17:21,247767,173744,250588,174680,1476,1551,1596,3
2016/10/15 20:23:43,247787,173644,250558,174680,1476,1550,1596,3
2016/10/15 19:23:30,247179,173655,250183,174542,1476,1549,1596,3
2016/10/14 15:25:53,247359,173855,250183,174542,1476,1549,1596,3
2016/10/14 14:58:50,246635,173755,249808,174404,1476,1548,1596,3
2016/10/14 00:02:43,246734,173807,249728,174266,1476,1547,1596,3
2016/10/13 23:36:03,245947,173769,248864,173778,1476,1544,1595,3
2016/10/13 21:01:11,245658,173681,248483,173430,1476,1541,1600,7
2016/10/13 20:18:51,245756,173596,248311,173292,1476,1539,1600,7
2016/10/13 19:15:13,245298,173630,247606,172816,1476,1538,1599,7
2016/10/13 18:17:26,245342,173553,247576,172678,1476,1537,1599,7
2016/10/13 16:13:41,244734,173568,247201,172540,1476,1536,1599,7
2016/10/13 14:17:28,244744,173336,247041,172302,1476,1534,1598,7
2016/10/13 13:02:01,244368,173680,246586,172026,1475,1533,1598,7
2016/10/13 00:00:58,243778,173702,246236,171888,1475,1533,1598,7
2016/10/12 23:10:27,243872,173556,246176,171612,1475,1532,1598,7
2016/10/12 21:22:57,243916,173479,246146,171474,1475,1531,1598,7
2016/10/12 19:09:28,243219,173285,245470,171154,1474,1529,1598,7
2016/10/12 18:23:30,243133,172808,245110,170866,1474,1527,1598,7
2016/10/12 17:03:34,243026,172698,245000,170628,1474,1525,1599,7
2016/10/12 16:06:38,242449,172707,244604,170388,1473,1523,1599,7
2016/10/12 15:00:19,242304,172442,244419,170100,1473,1521,1596,7
2016/10/12 14:00:31,242290,172395,243943,169753,1472,1520,1594,6
2016/10/12 13:39:40,241346,172500,243568,169215,1472,1519,1592,5
2016/10/12 00:01:07,241080,172489,244005,168965,1470,1518,1591,5
2016/10/11 23:56:16,241124,172413,243975,168827,1470,1517,1591,5
2016/10/11 22:02:46,240560,172353,243570,168551,1470,1516,1591,5
2016/10/11 21:24:11,240604,172277,243540,168413,1470,1515,1591,5
2016/10/11 20:02:13,240583,172191,243497,168383,1470,1512,1591,5
2016/10/11 19:33:54,239345,172239,242722,168245,1470,1511,1588,5
2016/10/11 18:00:23,238863,171941,242013,167767,1470,1510,1587,5
2016/10/11 17:01:59,238412,171043,240950,167229,1468,1510,1582,5
2016/10/11 16:43:31,237825,171079,240560,167091,1468,1509,1582,5
2016/10/11 15:01:37,237887,170995,240054,166941,1467,1507,1579,5
2016/10/11 14:01:01,237754,170752,239699,166465,1467,1506,1577,5
2016/10/11 13:22:38,237169,171179,239428,166067,1466,1502,1577,5
2016/10/10 23:06:08,235855,171343,238861,166037,1466,1500,1577,4
2016/10/10 22:01:03,235578,171196,238801,165699,1465,1498,1577,4
2016/10/10 21:09:21,235496,170841,238471,165273,1465,1498,1577,4
2016/10/10 20:19:18,234681,170282,238036,164574,1465,1496,1575,4
2016/10/10 16:02:14,234572,170072,237771,164534,1464,1496,1575,4
2016/10/10 15:00:24,234672,170406,237741,164208,1464,1495,1574,4
2016/10/10 14:05:42,234438,170503,237272,163560,1462,1488,1572,4
2016/10/10 13:52:21,233832,170513,236897,163422,1462,1487,1572,4
2016/10/10 00:28:49,233878,170435,236867,163284,1462,1487,1572,4
2016/10/09 23:57:16,233272,170445,236492,163146,1462,1486,1572,4
2016/10/09 21:12:08,233152,170205,236222,163106,1461,1486,1572,4
2016/10/09 20:11:06,233244,170049,236162,162830,1461,1484,1572,4
2016/10/09 19:06:24,233176,169590,235759,162542,1461,1483,1572,4
2016/10/09 18:21:40,232436,169472,235174,162304,1461,1482,1571,4
2016/10/09 17:00:48,232492,169404,235132,162212,1461,1482,1571,4
2016/10/09 16:01:34,232527,169492,235247,161964,1460,1478,1570,4
2016/10/09 15:51:24,231988,169734,234751,161696,1460,1476,1569,4
2016/10/09 10:17:55,231539,169942,234274,161558,1459,1474,1568,4
2016/10/09 01:01:31,231586,169948,234201,161390,1459,1473,1566,4
2016/10/09 00:25:05,231704,169854,234131,161252,1459,1471,1566,4
2016/10/08 23:05:52,231188,169849,233726,161114,1459,1470,1566,4
2016/10/08 22:05:15,231198,169854,233377,160926,1459,1469,1565,4
2016/10/08 21:02:39,231302,169722,233307,160650,1459,1468,1565,4
2016/10/08 20:00:46,230731,169657,232862,160512,1459,1467,1565,4
2016/10/08 19:02:55,230696,169250,232474,160224,1459,1466,1565,4
2016/10/08 18:13:37,230407,168711,231793,159706,1458,1463,1562,4
2016/10/08 17:07:26,229871,168806,231418,159568,1458,1462,1562,4
2016/10/08 16:00:28,229359,168620,231618,159588,1458,1462,1564,4
2016/10/08 15:08:27,229495,168713,231518,159408,1457,1461,1562,4
2016/10/08 14:00:02,229581,168558,231458,159408,1457,1460,1562,4
2016/10/08 13:42:06,228665,168566,231033,159408,1456,1459,1562,4
2016/10/08 00:06:50,228240,167950,231014,159378,1456,1456,1562,4
2016/10/07 23:14:59,227628,167838,230609,159378,1456,1454,1562,4
2016/10/07 22:08:54,227648,167738,230579,159378,1456,1454,1562,4
2016/10/07 21:04:51,227045,166933,230109,159282,1455,1453,1562,4
2016/10/07 20:05:09,226421,166619,229385,159082,1455,1451,1561,4
2016/10/07 19:09:48,226128,166474,229355,159082,1455,1450,1561,4
2016/10/07 18:02:11,226198,166335,229171,159081,1455,1449,1561,4
2016/10/07 17:20:36,225579,166340,228766,159081,1455,1449,1561,4
2016/10/07 16:02:36,225021,165664,228563,158781,1455,1447,1561,4
2016/10/07 15:01:27,224789,165226,228058,158531,1455,1444,1557,4
2016/10/07 14:20:26,223848,165589,227883,158521,1453,1441,1557,4
2016/10/07 02:01:25,224870,165605,229149,158666,1453,1443,1557,4
2016/10/07 01:00:08,220148,165594,228316,158612,1453,1446,1556,4
2016/10/07 00:09:35,221937,166486,228865,159652,1453,1449,1556,4
2016/10/06 23:00:57,224078,167694,229338,160494,1453,1453,1555,4
2016/10/06 22:05:24,224321,168079,229530,161078,1453,1456,1555,4
2016/10/06 21:02:36,227035,169469,230767,162260,1453,1463,1555,4
2016/10/06 20:09:12,226704,168970,230702,162285,1453,1461,1555,4
2016/10/06 19:01:39,227359,169513,230196,162320,1453,1459,1555,4
2016/10/06 18:01:03,229056,170391,230632,164450,1453,1467,1555,4
2016/10/06 17:22:03,229506,170518,230803,164470,1453,1471,1555,4
2016/10/06 16:03:53,228895,170397,230279,164468,1453,1470,1555,4
2016/10/06 15:03:49,228874,169910,230007,164446,1453,1470,1555,4
2016/10/06 14:07:20,231556,170917,230736,164980,1451,1479,1563,10
2016/10/06 13:00:16,231165,170843,230398,165008,1451,1482,1563,10
2016/10/06 12:04:43,232718,171797,231468,165258,1450,1486,1563,10
2016/10/06 11:02:07,233128,172051,230636,166427,1449,1485,1559,10
2016/10/06 05:53:22,232681,171571,230609,166427,1449,1484,1559,10
2016/10/06 04:00:17,232162,171608,230234,166432,1449,1484,1559,10
2016/10/06 03:02:46,233372,172026,230510,167284,1449,1489,1559,10
2016/10/06 02:00:25,235611,172585,232609,169177,1449,1501,1559,10
2016/10/06 01:07:52,235788,172706,232793,169027,1449,1507,1559,10
2016/10/06 00:01:23,236376,173384,233340,169007,1449,1519,1556,7
2016/10/05 23:48:18,237221,174816,233489,169007,1449,1521,1556,7
2016/10/05 22:06:35,238226,176394,233760,169022,1449,1524,1556,7
2016/10/05 21:01:49,237297,176174,233181,169127,1448,1524,1555,7
2016/10/05 20:01:24,237283,176963,232020,168466,1448,1522,1561,10
2016/10/05 19:02:15,237976,177132,231804,170926,1446,1516,1558,7
2016/10/05 18:48:20,236772,176642,231329,170826,1446,1516,1557,7
2016/10/05 05:04:50,236820,176886,231115,170626,1445,1516,1555,6
2016/10/05 04:25:04,236814,176716,231055,170626,1445,1514,1555,6
2016/10/05 03:11:38,235710,176326,230680,170626,1445,1513,1555,6
2016/10/05 01:06:24,235538,176029,230341,170486,1443,1512,1554,6
2016/10/05 00:01:25,235086,175547,230311,170486,1443,1512,1554,6
2016/10/04 23:00:31,234463,175434,229906,170486,1443,1512,1554,6
2016/10/04 22:51:19,234442,175356,229876,170486,1443,1512,1554,6
2016/10/04 21:08:19,234010,174774,229816,170486,1443,1511,1554,6
2016/10/04 20:07:32,233398,174666,229411,170486,1443,1510,1554,6
2016/10/04 19:02:25,232746,173924,229033,170336,1443,1510,1554,6
2016/10/04 18:19:40,232073,173757,228638,170151,1440,1506,1553,6
2016/10/04 17:01:49,230589,173263,228233,169751,1440,1504,1551,5
2016/10/04 16:21:08,230609,173163,228203,169751,1440,1503,1551,5
2016/10/04 15:00:22,230881,173216,228151,169671,1440,1501,1550,5
2016/10/04 14:40:54,229677,172722,227676,169571,1440,1500,1549,5
2016/10/04 06:02:14,229912,172977,227557,169571,1439,1499,1549,5
2016/10/04 05:01:34,229311,173010,227156,169571,1439,1498,1549,5
2016/10/04 04:05:32,228577,171913,226540,169241,1439,1494,1546,5
2016/10/04 03:01:41,228630,171730,226451,169241,1439,1493,1546,5
2016/10/04 02:16:12,228063,171681,225995,169241,1439,1493,1546,5
2016/10/04 01:00:55,227437,170798,225632,168941,1438,1492,1542,4
2016/10/04 00:05:35,227424,171088,226249,168931,1437,1490,1549,4
2016/10/03 23:07:06,226384,170658,225825,168931,1437,1488,1549,4
2016/10/03 21:04:07,225732,170750,225480,168931,1437,1488,1549,4
2016/10/03 20:01:38,224629,169531,225082,168280,1437,1485,1547,3
2016/10/03 19:08:25,224608,169400,225022,168280,1437,1483,1547,3
2016/10/03 18:03:42,223374,168914,224617,168280,1437,1483,1547,3
2016/10/03 16:17:26,223394,168814,224587,168280,1437,1482,1547,3
2016/10/03 15:02:03,223169,168703,224075,167780,1437,1479,1544,3
2016/10/03 14:17:50,221918,168492,223413,167613,1435,1475,1543,3
2016/10/03 04:03:06,221918,168492,223413,167613,1435,1475,1543,3
2016/10/03 03:02:26,220921,168102,223011,167623,1435,1473,1543,3
2016/10/03 02:11:27,221317,168245,222743,167627,1435,1471,1543,3
2016/10/03 01:00:49,221589,168333,222673,167649,1435,1471,1543,3
2016/10/03 00:10:39,220642,168015,222274,167664,1435,1469,1543,3
2016/10/02 23:00:20,220982,168173,222148,167694,1435,1469,1543,3
2016/10/02 22:00:32,221510,168657,221869,167745,1435,1468,1543,3
2016/10/02 21:00:01,221910,169738,221219,167768,1435,1468,1543,3
2016/10/02 20:01:23,223243,170484,222162,168127,1435,1475,1542,3
2016/10/02 19:03:45,223367,170755,221684,168101,1435,1483,1542,3
2016/10/02 18:00:31,224354,171344,222845,168520,1435,1493,1542,3
2016/10/02 17:35:58,224731,171281,223815,168775,1435,1496,1542,3
2016/10/02 16:24:40,224751,171181,223785,168775,1435,1496,1542,3
2016/10/02 15:00:34,224243,171263,223068,168584,1433,1494,1540,3
2016/10/02 14:01:11,224154,171204,222882,168555,1433,1494,1539,3
2016/10/02 13:12:41,224576,171456,223342,168624,1432,1493,1538,3
2016/10/02 12:22:59,223701,171418,222917,168624,1431,1492,1538,3
2016/10/02 02:02:45,225411,172009,223958,169079,1431,1494,1535,4
2016/10/02 01:00:14,228031,172938,228342,169557,1431,1501,1535,4
2016/10/01 23:22:39,228071,172738,228282,169557,1431,1499,1535,4
2016/10/01 22:01:28,226937,172194,227827,169507,1430,1498,1534,4
2016/10/01 21:02:16,226977,171994,227767,169507,1430,1497,1534,4
2016/10/01 20:17:50,226525,171508,227737,169507,1430,1496,1534,4
2016/10/01 19:20:58,225763,171096,227032,169357,1430,1495,1534,4
2016/10/01 18:15:26,228060,172400,228950,169842,1430,1500,1533,4
2016/10/01 17:12:45,227628,171814,228890,169842,1430,1498,1533,4
2016/10/01 16:01:43,229696,173318,231198,170277,1430,1504,1533,4
2016/10/01 15:27:13,229434,172570,230865,169937,1429,1500,1532,4
2016/10/01 14:13:29,229374,172270,230705,169837,1429,1499,1531,4
2016/10/01 13:10:43,229051,172991,230365,169774,1427,1496,1530,4
2016/10/01 01:12:49,228720,172405,230496,169774,1427,1494,1530,4
2016/10/01 00:07:57,228088,172393,230121,169774,1427,1494,1530,4
2016/09/30 23:04:35,226814,172067,230156,169774,1427,1493,1530,4
2016/09/30 22:22:11,226854,171847,229796,169774,1427,1491,1530,4
2016/09/30 21:03:58,225842,171419,229291,169774,1427,1491,1530,4
2016/09/30 20:00:44,225339,171376,229256,169774,1427,1490,1530,4
2016/09/30 19:01:37,223696,170943,228572,169270,1427,1486,1529,4
2016/09/30 18:25:57,222263,170100,227597,169030,1426,1483,1526,4
2016/09/30 16:20:06,221811,169614,227567,169030,1426,1483,1526,4
2016/09/30 15:10:46,221961,171351,228398,168859,1424,1481,1526,4
2016/09/30 14:00:36,220757,170733,227843,168759,1424,1478,1525,4
2016/09/30 10:32:19,219899,170753,227479,168729,1423,1478,1525,4
2016/09/30 02:03:24,219673,170167,227809,168729,1423,1476,1525,4
2016/09/30 01:00:02,219970,171083,227051,167598,1423,1475,1526,6
2016/09/30 00:00:17,218909,170638,226491,167589,1423,1474,1526,6
2016/09/29 21:02:20,219153,170844,226032,167224,1422,1473,1522,3
2016/09/29 20:50:26,217849,170100,225307,167024,1421,1472,1521,3
2016/09/29 17:43:23,216754,169706,224950,167024,1421,1471,1521,3
2016/09/29 15:02:07,216821,169567,224898,167024,1421,1471,1521,3
2016/09/29 14:11:29,216244,169979,224216,167133,1421,1468,1521,3
2016/09/29 13:03:07,216217,169901,223984,167032,1421,1467,1520,3
2016/09/29 12:00:08,216003,170522,224153,167062,1420,1462,1522,3
2016/09/29 11:47:45,215164,170614,223728,167062,1419,1461,1522,3
2016/09/29 02:00:02,214551,170093,223705,166956,1417,1459,1523,3
2016/09/29 01:14:11,214707,169893,223864,166956,1417,1459,1523,3
2016/09/29 00:07:02,213623,169399,223459,166956,1417,1458,1523,3
2016/09/28 23:10:03,213636,169169,223376,166926,1417,1455,1523,3
2016/09/28 22:03:24,213376,168860,223191,166926,1417,1453,1523,3
2016/09/28 21:00:10,213109,169158,222384,166932,1417,1452,1523,3
2016/09/28 20:28:13,213116,168821,222034,166882,1417,1450,1520,3
2016/09/28 19:02:52,212697,168397,221991,166882,1417,1449,1520,3
2016/09/28 18:11:39,211608,167835,220981,166632,1415,1448,1515,3
2016/09/28 17:00:58,211107,167299,220701,166382,1415,1446,1512,2
2016/09/28 16:10:38,211173,167221,220541,166282,1415,1445,1511,2
2016/09/28 15:26:19,211193,167121,220511,166282,1415,1445,1511,2
2016/09/28 14:40:09,210273,167127,220086,166282,1414,1444,1511,2
2016/09/28 03:04:06,210334,167027,220134,166282,1414,1444,1511,2
2016/09/28 02:00:02,210459,166827,220236,166282,1414,1442,1511,2
2016/09/28 01:01:48,210528,167530,221172,166291,1414,1440,1525,11
2016/09/28 00:00:43,209987,167533,220619,166290,1414,1438,1525,11
2016/09/27 23:03:09,210297,168030,220300,166464,1414,1434,1525,11
2016/09/27 22:01:53,208432,168055,219581,166142,1412,1427,1520,7
2016/09/27 21:00:10,206901,167768,218847,165482,1410,1426,1516,6
2016/09/27 20:01:00,205528,166870,217916,165182,1410,1426,1510,6
2016/09/27 19:03:29,205291,166557,217438,164282,1410,1421,1506,6
2016/09/27 18:36:50,204010,165984,216743,164129,1410,1419,1504,6
2016/09/27 14:16:54,202890,165626,216268,164029,1410,1418,1502,6
2016/09/27 13:11:40,202890,165526,216238,164029,1410,1417,1502,6
2016/09/27 10:48:59,201925,165442,215813,164029,1409,1417,1502,6
2016/09/27 03:17:36,201333,165495,215450,164029,1409,1416,1502,6
2016/09/27 02:19:50,200410,164538,214767,163829,1409,1413,1501,6
2016/09/27 01:01:37,200295,164294,214516,163729,1409,1413,1500,6
2016/09/27 00:17:40,199227,163822,214101,163729,1409,1412,1500,6
2016/09/26 23:01:47,199222,163813,214070,163729,1409,1412,1500,6
2016/09/26 22:31:44,199248,163721,214040,163729,1409,1412,1500,6
2016/09/26 21:08:58,199435,163766,213921,163629,1409,1410,1497,6
2016/09/26 20:48:55,198081,163272,213446,163529,1409,1409,1496,6
2016/09/26 14:29:23,198101,163172,213416,163529,1409,1408,1496,6
2016/09/26 13:36:50,197163,163088,212991,163529,1408,1408,1496,6
2016/09/26 02:08:57,197220,163029,212934,163529,1408,1407,1496,6
2016/09/26 01:13:27,196014,162467,211930,163189,1407,1405,1493,6
2016/09/25 15:34:52,196034,162367,211900,163189,1407,1404,1493,6
2016/09/25 14:00:20,194980,162391,211520,163128,1405,1401,1490,6
2016/09/25 03:08:10,194514,161745,210935,162978,1405,1399,1490,6
2016/09/25 02:17:18,194475,161553,210440,162778,1404,1396,1488,6
2016/09/25 01:16:27,193701,161482,210035,162778,1404,1395,1488,6
2016/09/24 16:02:31,193701,161482,210035,162778,1404,1395,1488,6
2016/09/24 14:07:26,193666,161288,209784,162728,1404,1394,1487,6
2016/09/24 12:22:08,192432,160634,209104,162588,1404,1392,1486,6
2016/09/24 05:00:11,192437,160925,208958,162498,1402,1388,1484,6
2016/09/24 04:04:33,190988,160271,208137,162215,1401,1384,1484,6
2016/09/24 01:51:23,189884,159873,207762,162215,1401,1384,1484,6
2016/09/23 23:00:54,189931,159796,207694,162215,1401,1384,1484,6
2016/09/23 22:48:16,188679,159258,207061,162115,1401,1383,1483,6
2016/09/23 19:11:32,188679,159258,207061,162115,1401,1383,1483,6
2016/09/23 18:07:00,188541,158878,206849,161965,1401,1381,1480,6
2016/09/23 17:10:14,188790,159176,206769,161965,1400,1381,1480,6
2016/09/23 16:54:22,187686,158778,206394,161965,1400,1381,1480,6
2016/09/23 03:04:30,187686,158778,206394,161965,1400,1381,1480,6
2016/09/23 02:21:57,186413,158474,205705,161632,1400,1374,1477,6
2016/09/22 06:00:48,186597,158617,205657,161632,1399,1373,1477,6
2016/09/22 05:56:00,185156,158307,205282,161232,1399,1372,1475,5
2016/09/21 21:17:10,183672,157209,204277,160832,1399,1372,1471,5
2016/09/21 13:21:52,182635,157068,203622,160632,1398,1371,1469,4
2016/09/21 02:00:00,182155,156601,203592,160632,1398,1370,1469,4
2016/09/21 01:00:46,182063,156544,203466,160626,1398,1370,1469,4
2016/09/21 00:03:27,181629,156292,202629,160095,1397,1364,1467,4
2016/09/20 23:42:46,180777,156080,202131,159972,1397,1364,1466,4
2016/08/15 18:01:25,245880,221030,278216,203103,1296,1450,1320,10
2016/08/15 17:01:52,247116,221811,279152,203213,1296,1452,1320,10
2016/08/15 16:41:17,247490,221905,279320,203288,1296,1453,1320,10
2016/08/15 14:48:38,247490,221905,279320,203288,1296,1453,1320,10
2016/08/14 13:55:50,247490,221905,279320,203288,1296,1453,1320,10
2016/08/07 01:02:18,266395,217198,271611,195524,1275,1438,1277,15
2016/08/07 00:00:48,266590,216764,270890,195456,1275,1438,1276,15
2016/08/06 23:00:02,266633,216702,270845,195180,1275,1437,1276,15
2016/08/06 22:02:27,266767,216581,270591,195041,1275,1435,1276,15
2016/08/06 21:11:57,266812,215599,269750,194615,1275,1434,1276,15
2016/08/06 20:27:50,266842,215394,269630,194427,1274,1433,1275,15
2016/08/06 19:00:21,266891,215322,269595,194289,1274,1433,1275,15
2016/08/06 18:27:30,267045,214747,268800,193901,1274,1433,1272,15
2016/08/06 14:00:28,267250,214340,268597,193543,1271,1429,1277,12
2016/08/06 13:58:56,267374,213700,268102,193405,1271,1429,1277,12
2016/08/06 01:00:09,267418,213623,268072,193267,1271,1429,1277,12
2016/08/06 00:01:20,267569,212904,267547,192991,1271,1428,1277,12
2016/08/05 23:06:21,267171,212903,267048,192707,1270,1424,1277,12
2016/08/05 22:04:29,270846,214718,270384,193112,1270,1428,1277,12
2016/08/05 21:03:59,272398,214581,271530,193086,1269,1431,1276,12
2016/08/05 20:40:42,272245,214455,271165,192898,1269,1430,1275,12
2016/08/05 19:00:20,272298,213908,270644,192894,1269,1430,1275,12
2016/08/05 18:59:56,272298,213808,270614,192756,1269,1430,1275,12
2016/08/05 15:01:47,272574,214238,270159,192190,1268,1427,1284,15
2016/08/05 14:24:13,272719,214313,269882,191912,1266,1422,1281,15
2016/08/05 13:18:40,272843,213673,269387,191774,1266,1421,1281,15
2016/08/05 01:10:44,272867,213696,269387,191636,1266,1421,1281,15
2016/08/05 00:02:48,279333,216503,276702,192663,1266,1434,1281,15
2016/08/04 23:00:00,278178,215017,275433,192095,1265,1432,1278,8
2016/08/04 22:01:23,278211,215071,275373,191819,1265,1432,1278,8
2016/08/04 21:00:04,277949,214623,274776,191481,1265,1431,1277,8
2016/08/04 20:11:10,278184,214513,274655,191025,1265,1431,1276,7
2016/08/04 19:01:29,278224,214323,274527,190837,1264,1430,1275,7
2016/08/04 18:00:20,277839,214306,273883,190179,1262,1426,1268,7
2016/08/04 17:57:51,277963,213668,273388,190041,1262,1425,1268,7
2016/08/04 14:08:31,278064,213360,272683,189613,1260,1423,1268,6
2016/08/04 01:02:40,278164,213352,272653,189613,1260,1423,1268,6
2016/08/04 00:00:33,278229,212426,271988,189217,1259,1419,1268,6
2016/08/03 23:01:46,278358,212317,271825,189079,1259,1418,1268,6
2016/08/03 22:07:58,277602,211036,270589,188247,1256,1417,1263,5
2016/08/03 19:00:36,277805,210376,270014,188155,1256,1416,1263,5
2016/08/03 18:01:10,277776,210106,269671,187871,1256,1415,1262,5
2016/08/03 17:35:41,277772,209980,269586,187729,1256,1413,1260,5
2016/08/03 16:14:46,278027,209819,268941,187537,1255,1413,1259,5
2016/08/03 14:34:26,278229,210025,268911,187445,1255,1413,1259,5
2016/08/03 13:47:06,278273,209947,268881,187307,1255,1413,1259,5
2016/08/03 12:42:10,278405,209313,268357,187169,1255,1412,1259,5
2016/08/03 01:06:40,278449,209235,268327,187031,1255,1411,1259,5
2016/08/03 00:04:09,278513,209057,268267,186893,1255,1410,1259,5
2016/08/02 23:02:21,278098,207409,266737,186067,1255,1409,1255,5
2016/08/02 21:27:22,278130,210721,269451,185929,1255,1407,1255,5
2016/08/02 19:31:50,278930,210489,268971,185541,1255,1405,1254,5
2016/08/02 14:08:47,278874,210310,268841,185303,1255,1405,1253,5
2016/08/02 13:00:48,278804,210124,268752,185253,1255,1403,1251,5
2016/08/02 12:28:04,279249,210027,268207,185115,1254,1403,1251,5
2016/08/02 01:05:05,279140,209469,267566,184645,1252,1400,1250,5
2016/08/02 00:00:07,278395,208572,266660,183842,1252,1396,1248,4
2016/08/01 23:02:22,277843,208732,266622,183504,1251,1395,1248,4
2016/08/01 22:00:49,277774,208475,266071,182968,1251,1393,1240,4
2016/08/01 21:24:26,278249,208423,265420,182780,1250,1391,1238,4
2016/08/01 01:00:37,278107,208149,264598,182042,1248,1384,1232,4
2016/08/01 00:00:59,278133,208060,264468,181942,1248,1383,1231,4
2016/07/31 23:54:33,278133,207305,263973,181804,1248,1382,1231,4
2016/07/31 14:00:56,278209,207377,263994,181804,1248,1382,1231,4
2016/07/31 13:46:35,278589,207169,263449,181666,1247,1382,1231,4
2016/07/31 02:00:14,278589,207169,263449,181666,1247,1382,1231,4
2016/07/31 01:01:20,278486,206028,262299,181288,1246,1380,1231,4
2016/07/31 00:00:04,278558,205860,262093,181100,1245,1380,1230,4
2016/07/30 23:00:12,278329,205381,261549,180554,1244,1374,1226,4
2016/07/30 22:38:20,278641,205018,260954,180266,1244,1374,1224,4
2016/07/30 14:20:56,279125,204928,260448,180128,1243,1373,1224,4
2016/07/30 01:00:15,279171,204853,260418,179990,1243,1372,1224,4
2016/07/30 00:01:25,277282,204459,260409,179882,1243,1372,1225,4
2016/07/29 23:05:03,277025,203163,259211,179206,1242,1368,1222,4
2016/07/29 22:05:36,277094,202990,259109,179067,1242,1368,1222,4
2016/07/29 21:01:25,277651,202773,258584,178741,1242,1368,1221,4
2016/07/29 15:02:33,277634,202630,258376,178689,1242,1366,1220,4
2016/07/29 14:07:39,277857,202755,258154,178451,1241,1364,1218,4
2016/07/29 13:44:50,277981,202112,257659,178313,1241,1363,1218,4
2016/07/29 01:00:24,277969,201944,257475,178282,1241,1362,1216,4
2016/07/29 00:05:56,277738,200896,256316,177766,1240,1359,1216,4
2016/07/28 23:01:48,277561,200470,255916,177418,1239,1356,1215,4
2016/07/28 22:00:51,277879,200747,255856,177200,1238,1356,1213,4
2016/07/28 21:54:06,278003,200101,255361,177062,1238,1356,1213,4
2016/07/28 14:20:44,277862,199722,255118,176744,1238,1352,1210,4
2016/07/28 13:16:34,277986,199076,254623,176606,1238,1351,1210,4
2016/07/28 08:30:43,278451,198919,254119,176468,1237,1350,1210,4
2016/07/27 23:00:21,278147,198486,253305,175600,1237,1343,1215,7
2016/07/27 22:26:18,278184,197641,252556,175318,1236,1341,1211,7
2016/07/27 18:34:14,278383,197879,252426,175030,1236,1341,1209,7
2016/07/27 17:18:04,278507,197236,251931,174892,1236,1340,1209,7
2016/07/27 12:02:46,278646,197588,251681,174692,1235,1340,1207,6
2016/07/27 11:53:18,278770,196946,251186,174554,1235,1339,1207,6
2016/07/27 03:07:27,278814,196867,251156,174416,1235,1339,1207,6
2016/07/27 02:04:31,279543,197291,251517,174431,1235,1338,1216,12
2016/07/27 01:11:01,280158,197203,251065,174320,1235,1337,1216,12
2016/07/27 00:05:21,280213,197004,250941,174176,1235,1336,1216,12
2016/07/26 23:02:54,280870,197451,250676,173688,1234,1337,1213,11
2016/07/26 22:00:02,280191,197576,250033,173255,1233,1333,1209,9
2016/07/26 21:02:03,279551,197314,249685,172629,1232,1330,1209,9
2016/07/26 20:19:37,280025,197022,249190,172441,1232,1329,1208,9
2016/07/26 19:04:41,280025,196922,249160,172441,1232,1329,1208,9
2016/07/26 14:00:46,279711,196572,248517,172191,1231,1324,1207,9
2016/07/26 13:00:26,279543,196169,248126,171853,1231,1323,1205,9
2016/07/26 12:00:09,279898,196813,248119,171575,1229,1320,1202,9
2016/07/26 11:59:46,279898,196058,247624,171437,1229,1320,1202,9
2016/07/26 03:00:04,279830,195207,247099,171337,1227,1320,1200,9
2016/07/26 02:01:59,279789,195166,246928,171192,1227,1319,1200,9
2016/07/26 01:10:04,279150,194619,246276,170404,1227,1318,1195,9
2016/07/26 00:15:40,278806,193300,244884,169896,1226,1315,1196,11
2016/07/25 21:00:57,278652,193258,244858,169788,1226,1315,1197,11
2016/07/25 20:36:49,278719,193531,245193,169530,1225,1313,1198,11
2016/07/25 19:02:38,279088,193844,245200,169292,1224,1312,1196,11
2016/07/25 18:05:20,279138,193767,245181,169154,1224,1312,1196,11
2016/07/25 17:00:03,279138,193157,244643,169016,1224,1311,1196,11
2016/07/25 16:01:22,279098,192716,244157,168560,1224,1308,1196,11
2016/07/25 15:01:42,279044,192432,243760,168322,1224,1305,1195,11
2016/07/25 14:13:32,278621,191722,243506,168000,1224,1303,1192,11
2016/07/25 13:52:36,278665,191645,243476,167862,1224,1302,1192,11
2016/07/25 12:37:12,278050,191932,243080,167052,1223,1300,1192,11
2016/07/25 01:01:44,278215,191763,243176,166914,1223,1299,1192,11
2016/07/25 00:04:41,277746,191813,242708,166636,1223,1297,1192,11
2016/07/24 23:01:46,276916,191960,242346,166462,1223,1297,1187,5
2016/07/24 22:01:34,276471,192422,241620,166216,1222,1294,1187,5
2016/07/24 21:00:27,275595,192414,241140,166028,1221,1293,1186,5
2016/07/24 20:46:45,275653,192427,241423,165900,1221,1292,1188,5
2016/07/24 19:01:52,275658,192316,241199,166150,1221,1291,1195,10
2016/07/24 18:05:41,275485,192608,240179,165233,1220,1289,1192,8
2016/07/24 17:04:14,275487,192988,239882,164411,1220,1287,1190,8
2016/07/24 16:00:36,275352,193576,240212,163895,1219,1284,1189,8
2016/07/24 15:34:03,274979,193999,239737,163607,1219,1283,1186,8
2016/07/24 11:38:30,274718,194690,239323,163469,1218,1283,1186,8
2016/07/24 01:09:25,274708,194435,239032,163541,1217,1281,1194,12
2016/07/24 00:00:03,274110,194511,237915,163349,1217,1278,1193,12
2016/07/23 23:00:30,273692,194689,237893,162383,1215,1273,1192,12
2016/07/23 22:05:31,273618,194492,237703,162165,1215,1269,1190,12
2016/07/23 21:47:00,273006,194501,237328,162027,1215,1269,1190,12
2016/07/23 18:19:02,273356,194741,237340,161839,1215,1269,1189,12
2016/07/23 17:23:20,272729,194830,236865,161601,1215,1268,1188,12
2016/07/23 03:04:25,272670,195303,236733,161275,1214,1268,1187,12
2016/07/23 02:00:04,272081,195216,236335,161137,1214,1268,1187,12
2016/07/23 01:14:36,272169,195060,236275,160861,1214,1267,1187,12
2016/07/23 00:05:03,272348,195062,236103,160723,1214,1265,1187,12
2016/07/22 23:12:41,271890,195029,235428,160447,1214,1265,1185,12
2016/07/22 21:00:08,271963,195023,235235,160397,1214,1263,1184,12
2016/07/22 20:08:52,271471,195095,234700,160121,1214,1262,1184,12
2016/07/22 19:04:35,271491,194995,234670,160121,1214,1261,1184,12
2016/07/22 18:01:28,271585,194972,234612,159845,1214,1261,1184,12
2016/07/22 17:03:56,271845,195076,234311,159557,1214,1260,1184,12
2016/07/22 16:00:46,271332,195067,233602,159275,1214,1260,1184,12
2016/07/22 15:02:36,271456,194922,233410,159107,1213,1260,1184,12
2016/07/22 14:01:10,271266,195546,233526,158505,1210,1255,1182,12
2016/07/22 13:56:59,270654,195560,233151,158367,1210,1254,1182,12
2016/07/22 02:06:54,270740,195482,233121,158229,1210,1253,1182,12
2016/07/22 01:07:32,272065,197432,232914,158197,1210,1254,1179,9
2016/07/22 00:04:54,271896,196693,232740,157111,1209,1253,1172,6
2016/07/21 23:20:38,271304,196606,232335,156973,1209,1252,1172,6
2016/07/21 18:04:39,271034,197349,231822,155957,1209,1263,1172,3
2016/07/21 17:05:50,270412,197104,231176,155439,1208,1260,1172,3
2016/07/21 16:00:53,269863,197901,231175,154798,1208,1260,1167,3
2016/07/21 15:02:03,268405,197807,230053,153718,1207,1258,1159,1
2016/07/21 14:00:24,267516,197806,230042,153224,1203,1252,1165,8
2016/07/21 13:45:10,267917,198255,229962,153224,1202,1251,1165,8
2016/07/21 12:50:40,266987,197902,229553,153190,1202,1251,1165,8
2016/07/21 02:05:09,265653,197417,228787,152806,1202,1247,1164,8
2016/07/21 01:06:11,265702,197225,228712,152806,1202,1245,1164,8
2016/07/21 00:03:33,265205,196229,228096,152442,1201,1244,1161,8
2016/07/20 23:09:06,263975,195299,227022,152108,1200,1240,1160,8
2016/07/20 21:00:07,263872,195082,226745,152008,1200,1240,1159,8
2016/07/20 20:25:13,263500,194894,227003,151904,1200,1237,1158,8
2016/07/20 19:00:15,263724,195483,227401,151814,1199,1235,1158,8
2016/07/20 18:40:56,262879,195241,226992,151780,1199,1235,1158,8
2016/07/20 13:29:29,262653,194919,226828,151646,1199,1234,1157,8
2016/07/20 12:00:12,262693,194719,226768,151646,1199,1233,1157,8
2016/07/20 11:28:38,261950,194783,226309,151612,1198,1232,1157,8
2016/07/20 00:03:06,262058,194670,226185,151612,1198,1232,1157,8
2016/07/19 23:02:29,261067,194506,226250,151118,1196,1225,1154,8
2016/07/19 21:41:47,260137,194145,225841,151084,1196,1224,1154,8
2016/07/19 16:01:12,260520,194592,225808,151084,1195,1224,1154,8
2016/07/19 15:38:22,259590,194227,225399,151050,1195,1224,1154,8
2016/07/15 10:04:48,256270,194381,224164,148891,1193,1205,1147,8
2016/07/15 09:33:33,255320,193968,223775,148807,1193,1203,1145,8
2016/07/15 05:03:11,256024,194419,224242,148807,1192,1201,1145,8
2016/07/15 04:05:51,255094,194058,223833,148773,1192,1200,1145,8
2016/07/15 03:10:46,254895,193505,223837,148709,1192,1197,1145,8
2016/07/15 02:17:42,254932,193428,223803,148709,1192,1197,1145,8
2016/07/15 01:33:44,254002,193067,223394,148675,1192,1197,1145,8
2016/07/15 00:06:12,254053,193005,223374,148675,1192,1196,1145,8
2016/07/14 23:06:32,253903,192641,223181,148591,1192,1197,1144,8
2016/07/14 22:40:59,254263,193061,223151,148591,1192,1197,1144,8
2016/07/14 21:55:19,253183,192400,222442,148407,1192,1197,1144,8
2016/07/14 18:46:28,252253,192139,222063,148373,1192,1197,1144,8
2016/07/14 16:01:27,251975,191750,221999,148339,1192,1197,1144,8
2016/07/14 15:30:08,252561,192784,222385,148884,1192,1199,1144,8
2016/07/14 14:08:57,253807,193175,223858,149427,1192,1207,1143,8
2016/07/14 13:00:00,253851,194135,223873,149292,1188,1203,1143,10
2016/07/14 12:50:28,253091,194008,223464,149258,1188,1203,1143,10
2016/07/13 15:08:10,252813,193563,223400,149224,1188,1202,1143,10
2016/07/13 14:26:59,252833,193463,223370,149224,1188,1202,1143,10
2016/07/13 13:06:08,251923,193010,222931,149190,1188,1200,1143,10
2016/07/13 12:37:29,251943,192910,222901,149190,1188,1200,1143,10
2016/07/13 11:00:15,251477,192155,222451,148956,1188,1200,1141,10
2016/07/13 10:04:11,250190,192493,222044,148297,1186,1197,1136,8
2016/07/13 00:00:23,250228,192415,222005,148297,1186,1197,1136,8
2016/07/12 23:02:10,249352,192176,221290,148197,1184,1196,1134,8
2016/07/12 22:21:26,248944,191331,220896,148013,1184,1194,1134,8
2016/07/12 21:00:08,248574,190686,220161,147671,1184,1194,1130,5
2016/07/12 20:05:39,248359,191160,219895,147741,1184,1193,1128,5
2016/07/12 19:56:12,248081,190715,219831,147707,1184,1193,1128,5
2016/07/12 15:11:36,246968,189364,218410,147232,1184,1190,1126,6
2016/07/12 14:17:40,246397,189458,217921,147198,1183,1189,1126,6
2016/07/12 00:12:53,245826,188998,217672,147414,1182,1192,1130,8
2016/07/11 23:00:11,244226,189656,216882,147157,1182,1190,1130,4
2016/07/11 22:00:00,243666,188826,216425,146275,1181,1187,1128,4
2016/07/11 21:25:53,243002,188379,216300,146234,1181,1187,1128,4
2016/07/11 20:25:46,242394,188392,215891,146150,1181,1186,1127,4
2016/07/11 15:03:20,242403,188422,215891,146150,1181,1186,1127,4
2016/07/11 14:51:47,241278,188029,215482,146116,1181,1185,1127,4
2016/07/11 13:04:39,241159,187804,215175,146026,1180,1183,1127,4
2016/07/11 12:00:50,240394,188185,215543,145612,1179,1179,1124,4
2016/07/11 11:01:03,240807,188609,215463,145612,1178,1179,1124,4
2016/07/11 10:57:50,239738,188164,215054,145578,1178,1178,1124,4
2016/07/10 23:04:27,237773,189668,214690,144815,1175,1172,1130,3
2016/07/10 22:05:18,237371,188981,214396,144681,1175,1171,1129,3
2016/07/10 21:01:24,237241,188581,214066,144531,1175,1170,1129,3
2016/07/10 20:06:29,236348,188150,213620,144497,1175,1169,1129,3
2016/07/10 19:52:54,236368,188050,213590,144497,1175,1169,1129,3
2016/07/10 18:49:08,236090,187605,213526,144463,1175,1169,1129,3
2016/07/10 17:00:06,235375,187520,213100,144413,1175,1167,1127,3
2016/07/10 16:15:13,235388,187305,212906,144229,1175,1167,1125,3
2016/07/10 15:45:08,235475,187276,212876,144229,1175,1166,1125,3
2016/07/10 14:32:57,234817,187436,212417,144195,1174,1165,1125,3
2016/07/10 00:02:16,233885,187215,212543,144122,1173,1160,1125,2
2016/07/09 23:05:01,233131,187065,212118,144072,1172,1160,1124,2
2016/07/09 22:31:49,233532,187420,212210,144413,1172,1161,1124,2
2016/07/09 21:12:53,236887,188620,216185,144793,1172,1170,1124,2
2016/07/09 20:44:12,237354,188797,217562,144989,1172,1175,1124,2
2016/07/09 19:21:52,237374,188697,217532,144989,1172,1175,1124,2
2016/07/09 18:09:00,240930,190282,221526,145790,1172,1185,1124,2
2016/07/09 17:04:48,242140,190467,223208,145946,1172,1187,1123,2
2016/07/09 16:00:34,241444,190281,222743,145896,1172,1186,1121,2
2016/07/09 15:01:54,241368,191137,223428,145611,1171,1185,1121,2
2016/07/09 14:01:14,241624,191365,223348,145611,1170,1184,1121,2
2016/07/09 13:53:26,240694,191008,222939,145577,1170,1184,1121,2
2016/07/06 23:14:09,232477,189125,218252,142064,1158,1153,1097,3
2016/07/06 22:02:51,232075,188409,217864,141880,1158,1152,1097,3
2016/07/06 21:46:02,232095,188309,217834,141880,1158,1151,1097,3
2016/07/06 20:17:06,231165,187944,217425,141846,1158,1151,1097,3
2016/07/06 18:01:27,230876,187612,217386,141812,1158,1151,1097,3
2016/07/06 17:40:07,230876,187612,217386,141812,1158,1151,1097,3
2016/07/06 16:19:04,229975,187164,216942,141778,1158,1150,1097,3
2016/07/06 15:22:19,229945,187008,216901,141778,1158,1150,1096,3
2016/07/06 14:00:20,229766,186694,216657,141644,1157,1148,1095,3
2016/07/06 13:41:33,229871,186709,216627,141644,1157,1147,1095,3
2016/07/06 12:36:29,228626,186523,216218,141210,1157,1146,1093,2
2016/07/05 23:48:34,225726,185168,215013,140312,1155,1137,1089,2
2016/07/05 21:53:51,225726,185168,215013,140312,1155,1137,1089,2
2016/07/05 20:18:44,224796,184811,214604,140278,1155,1137,1089,2
2016/07/05 18:48:09,224518,184366,214540,140244,1155,1136,1089,2
2016/07/05 17:07:43,224277,184744,214135,140194,1155,1135,1088,2
2016/07/05 16:17:17,223999,184299,214071,140160,1155,1134,1088,2
2016/07/05 15:00:35,224019,184199,214041,140160,1155,1133,1088,2
2016/07/05 14:21:17,223310,184319,213482,140026,1154,1132,1087,2
2016/07/05 11:01:55,223160,184319,213482,140026,1154,1132,1087,2
2016/07/05 10:28:10,222250,183866,213043,139992,1154,1130,1087,2
2016/07/04 18:03:18,221972,183521,213009,139958,1154,1130,1087,2
2016/07/04 17:03:27,221972,183521,213009,139958,1154,1130,1087,2
2016/07/04 16:28:45,221972,183421,212979,139958,1154,1129,1087,2
2016/07/04 15:02:40,221042,183068,212570,139924,1154,1128,1087,2
2016/07/04 12:17:23,221042,183068,212570,139924,1154,1128,1087,2
2016/07/04 11:18:53,220764,182623,212506,139890,1154,1127,1087,2
2016/07/04 10:02:05,221123,183070,212426,139890,1153,1127,1087,2
2016/07/04 09:54:14,220193,182717,212017,139856,1153,1126,1087,2
2016/07/03 13:16:26,218162,181308,209740,139261,1152,1122,1085,2
2016/07/03 11:11:17,218202,181108,209680,139261,1152,1121,1085,2
2016/07/03 10:36:00,217251,180725,209252,139197,1152,1118,1085,2
2016/07/01 23:02:57,211857,179061,207248,137789,1146,1101,1080,2
2016/07/01 22:02:24,211996,178959,207096,137789,1146,1101,1080,2
2016/07/01 21:11:53,211125,178545,206624,137755,1146,1099,1080,2
2016/07/01 20:11:48,210887,178026,206508,137721,1146,1097,1080,2
2016/07/01 18:24:25,209957,177673,206099,137687,1146,1097,1080,2
2016/07/01 15:03:23,209189,176742,204715,137512,1146,1097,1075,2
2016/07/01 14:09:44,208671,176217,204334,137421,1146,1095,1074,2
2016/07/01 13:00:21,208435,175878,203937,137270,1146,1093,1072,2
2016/07/01 12:16:31,207989,175143,203581,137146,1145,1090,1071,2
2016/07/01 11:02:24,206669,175244,203562,136822,1143,1087,1068,2
2016/06/29 18:08:48,196642,174188,200014,133446,1131,1064,1064,3
2016/06/29 17:00:05,196451,173710,199503,133046,1131,1062,1059,2
2016/06/29 16:43:46,196793,174123,199473,133046,1131,1061,1059,2
2016/06/29 15:45:26,195901,173811,199068,133016,1131,1061,1059,2
2016/06/13 00:04:57,111926,126930,152960,114955,1079,826,980,2
2016/06/12 01:01:16,108669,125192,150909,114368,1076,815,981,2
2016/06/12 00:02:10,107890,124699,150778,114119,1075,813,981,2
2016/06/11 23:15:01,105972,123998,148921,113861,1075,811,980,2
2016/06/11 22:17:16,105992,123898,148891,113861,1075,810,980,2
2016/06/11 21:00:02,104037,123620,148901,113932,1075,813,981,2
2016/06/11 20:00:46,103548,123913,148299,113737,1074,816,978,2
2016/06/11 19:45:22,102629,123571,147886,113703,1074,815,978,2
2016/06/11 13:08:25,101455,122966,147111,113479,1073,813,977,2
2016/06/11 06:06:10,101395,122905,147036,113399,1073,810,976,2
2016/06/11 05:24:24,101438,123690,147864,113275,1071,807,976,2
2016/06/11 04:51:56,101458,123590,147834,113275,1071,807,976,2
2016/06/11 03:00:52,100238,123197,147395,113041,1070,804,976,2
2016/06/11 02:00:18,99312,122519,146540,112561,1069,799,975,2
2016/06/11 01:14:53,99346,122433,146456,112561,1069,798,975,2
2016/06/11 00:20:13,98218,122722,146661,112329,1068,795,976,2
2016/06/10 21:00:41,98238,122627,146560,112329,1068,793,976,2
2016/06/10 20:01:42,97727,121663,146037,112088,1068,792,974,2
2016/06/10 19:12:26,97219,122918,146098,112004,1068,792,973,2
2016/06/10 07:15:07,96941,122473,146034,111970,1068,792,973,2
2016/06/10 06:05:21,96329,122361,145629,111970,1068,791,973,2
2016/06/10 05:12:59,96416,122450,145385,111836,1067,790,972,2
2016/06/10 04:00:24,95486,122197,145006,111802,1067,790,972,2
2016/06/10 03:27:39,95455,122027,144946,111802,1067,788,972,2
2016/06/10 02:35:49,95197,121612,144903,111768,1067,790,972,2
2016/06/10 01:04:55,94202,121259,144494,111734,1067,790,972,2
2016/06/10 00:02:59,94171,121189,144464,111734,1067,789,972,2
2016/06/09 23:30:13,93961,120817,144400,111700,1067,788,972,2
2016/06/09 22:04:28,93031,120464,143991,111666,1067,787,972,2
2016/06/09 20:04:16,93131,120020,144147,110908,1067,789,970,0
2016/06/09 18:01:55,93139,119952,144117,110908,1067,789,970,0
2016/06/09 17:02:16,92619,120339,143658,110293,1066,796,965,0
2016/06/09 16:03:12,92369,119956,143148,110161,1066,796,964,0
2016/06/09 15:02:09,93188,120600,142670,111046,1065,795,976,3
2016/06/09 14:44:52,92258,120245,142258,111012,1065,795,976,3
2016/06/09 07:20:34,91880,119700,142094,110878,1065,794,975,3
2016/06/09 06:23:30,91918,120875,142834,110741,1063,791,972,3
2016/06/09 05:00:35,91186,120788,142425,110707,1063,791,972,3
2016/06/09 02:01:15,91206,120688,142395,110707,1063,790,972,3
2016/06/09 01:04:46,91115,120505,141635,110603,1062,788,967,3
2016/06/09 00:23:02,90272,120144,141076,110569,1062,790,967,3
2016/06/08 19:00:40,90288,120166,141066,110569,1062,790,967,3
2016/06/08 18:00:41,89386,119718,140527,110535,1062,789,967,3
2016/06/08 17:17:50,88849,118832,139900,110256,1061,787,965,3
2016/06/08 12:52:02,87303,118569,138782,110038,1061,786,965,3
2016/06/08 08:15:31,87025,118124,138718,110004,1061,785,965,3
2016/06/08 07:00:40,87078,117939,138634,110004,1061,785,965,3
2016/06/08 06:01:16,85989,118271,138977,109830,1060,782,964,3
2016/06/08 05:14:07,85814,117962,138527,109496,1059,780,961,2
2016/06/08 04:08:58,85831,117924,138396,109446,1058,779,960,2
2016/06/08 03:23:44,84921,117471,137957,109412,1058,778,960,2
2016/06/08 02:05:16,84744,117081,137583,109361,1058,782,960,2
2016/06/08 01:03:29,85217,117576,137247,109348,1058,783,959,2
2016/06/08 00:03:04,84437,117092,136764,109204,1058,783,959,2
2016/06/07 23:05:06,84159,116647,136700,109170,1058,783,959,2
2016/06/07 22:00:51,84199,116447,136640,109170,1058,782,959,2
2016/06/07 21:30:21,83186,116528,136024,108499,1057,779,957,1
2016/06/07 18:00:24,82284,116426,136207,108125,1054,775,953,1
2016/06/07 17:01:43,82788,116781,136147,108075,1054,774,952,1
2016/06/07 16:36:45,81758,116328,135638,107941,1054,774,951,1
2016/06/07 14:00:34,81994,116705,135558,107941,1053,773,951,1
2016/06/07 13:51:33,81077,116233,134660,107618,1053,772,948,1
2016/06/07 02:06:23,79637,115891,133729,107837,1053,770,949,2
2016/06/07 00:04:02,79547,115885,133645,107831,1053,770,949,2
2016/06/06 23:32:25,79131,115460,133555,107797,1053,770,949,2
2016/06/06 22:01:53,77891,115640,132850,107772,1053,766,949,1
2016/06/06 21:27:23,77506,114733,132749,107235,1053,766,947,1
2016/06/06 20:04:59,77506,114666,132725,107235,1053,765,947,1
2016/06/06 19:32:22,76443,114046,132016,107051,1053,765,947,1
2016/06/06 18:03:42,75489,113498,131602,106759,1052,761,946,1
2016/06/06 17:42:12,75484,113424,131563,106759,1052,760,946,1
2016/06/06 16:00:05,74338,112895,130808,106635,1051,758,946,1
2016/06/06 15:01:17,74123,113497,131087,106208,1050,753,943,1
2016/06/06 14:10:40,74143,113397,131057,106208,1050,752,943,1
2016/06/06 13:25:01,74535,113682,130947,106208,1049,752,943,1
2016/06/06 12:53:48,73605,113329,130538,106174,1049,752,943,1
2016/06/06 04:00:40,73728,113396,130233,106074,1049,748,942,1
2016/06/06 03:00:12,73634,113140,130175,106050,1049,748,942,1
2016/06/06 02:26:48,72704,112687,129736,106016,1049,747,942,1
2016/06/06 00:01:30,72996,112988,130022,106046,1049,747,944,1
2016/06/05 23:14:19,71829,112272,129214,105842,1048,743,941,1
2016/06/05 22:04:26,71829,112272,129214,105842,1048,743,941,1
2016/06/05 21:07:08,71626,111778,129152,105868,1048,742,943,1
2016/06/05 20:00:42,71723,112786,129955,105748,1047,741,943,1
2016/06/05 19:24:38,70867,112235,129208,105514,1047,740,942,1
2016/06/05 09:04:49,71072,112452,129128,105514,1046,740,942,1
2016/06/05 08:43:44,70893,112140,129064,105480,1046,739,942,1
2016/06/05 07:03:23,70615,111695,129000,105446,1046,739,942,1
2016/06/05 06:17:54,70002,111620,128495,105346,1046,738,941,1
2016/06/05 05:30:18,69724,111175,128431,105312,1046,738,941,1
2016/06/05 04:18:22,69764,110975,128371,105312,1046,738,941,1
2016/06/05 03:32:50,68834,110622,127962,105278,1046,737,941,1
2016/06/05 02:00:10,68874,110422,127902,105278,1046,736,941,1
2016/06/05 01:21:19,68596,109977,127838,105244,1046,735,941,1
2016/06/05 00:03:46,67686,109524,127399,105210,1046,735,941,1
2016/06/04 22:00:23,67428,108979,127305,105176,1046,734,941,1
2016/06/04 21:18:49,67498,108819,127212,105176,1046,733,941,1
2016/06/04 20:08:33,66552,108714,127174,105052,1046,732,946,5
2016/06/04 19:01:12,66244,108119,127030,104968,1045,732,945,5
2016/06/04 18:00:29,66284,107919,126970,104968,1045,731,945,5
2016/06/04 17:30:37,65823,108123,126486,104880,1045,730,944,5
2016/06/04 16:00:25,65935,108254,126462,104860,1045,728,944,5
2016/06/04 15:01:59,64552,108321,125932,104527,1044,725,938,2
2016/06/04 14:00:02,64168,109510,126279,104166,1041,720,938,2
2016/06/04 13:51:19,63436,109423,125870,104132,1041,720,938,2
2016/06/04 03:02:01,62840,109215,125585,104032,1041,719,937,2
2016/06/04 02:23:26,62562,108770,125521,103998,1041,719,937,2
2016/06/04 01:15:18,62637,108607,125447,103998,1041,719,937,2
2016/06/04 00:10:24,61736,108165,125004,103964,1041,718,937,2
2016/06/03 23:12:30,61478,107620,124910,103930,1041,717,937,2
2016/06/03 22:00:54,61518,107520,124880,103930,1041,716,937,2
2016/06/03 21:21:03,60588,107067,124441,103896,1041,715,937,2
2016/06/03 20:15:25,60330,106522,124347,103862,1041,714,937,2
2016/06/03 19:25:22,60407,106355,124209,103861,1041,713,937,2
2016/06/03 18:25:24,59576,105977,123749,103831,1041,712,937,2
2016/06/03 17:13:23,59346,105577,123689,103801,1041,711,937,2
2016/06/03 16:01:21,59125,105295,123457,103621,1040,710,938,2
2016/06/03 15:00:52,59708,109045,126443,103541,1039,707,942,2
2016/06/03 14:51:28,59030,109246,125988,103511,1038,707,942,2
2016/06/03 03:06:42,59378,109046,126504,103511,1038,705,942,2
2016/06/03 02:00:24,60162,110478,128547,103601,1038,710,958,14
2016/06/03 01:00:26,59425,110457,128200,103417,1037,709,958,11
2016/06/03 00:24:30,59264,110215,127823,103217,1037,712,954,9
2016/06/02 23:24:07,59256,110007,127970,103187,1037,716,954,9
2016/06/02 22:01:25,58834,110299,126691,102255,1037,723,954,0
2016/06/02 21:00:02,59559,110873,126580,101861,1037,723,954,1
2016/06/02 20:00:08,60195,111551,126114,101728,1036,724,958,4
2016/06/02 19:03:56,60417,111795,125918,101469,1036,730,956,4
2016/06/02 01:00:58,59638,112330,127963,100705,1033,734,951,4
2016/06/02 00:06:20,61805,113875,130401,101650,1033,746,951,4
2016/06/01 23:00:35,61684,112991,129295,100516,1032,750,947,4
2016/06/01 22:04:28,61554,112969,129070,100474,1032,753,947,4
2016/06/01 21:15:13,60719,112686,128232,100433,1032,753,947,4
2016/06/01 20:00:10,60719,112148,127221,100258,1031,754,940,4
2016/06/01 19:00:35,60479,111729,126280,99848,1031,749,934,3
2016/06/01 18:48:04,59406,110644,125935,99848,1031,744,933,3
2016/06/01 10:44:23,58339,110048,125333,99624,1030,743,932,3
2016/06/01 05:00:38,58679,111966,126616,99564,1028,740,934,3
2016/06/01 04:13:22,58602,111582,126663,99530,1028,742,934,3
2016/06/01 03:00:02,64754,114495,134028,100911,1028,760,934,3
2016/06/01 02:00:33,69528,117004,138891,101578,1028,779,934,3
2016/06/01 01:01:13,68762,116704,138764,101344,1027,778,934,3
2016/06/01 00:02:28,67057,116211,137603,101255,1027,776,930,3
2016/05/31 20:03:36,65597,115454,136864,100671,1027,776,928,2
2016/05/31 19:21:36,65637,115254,136804,100671,1027,774,928,2
2016/05/31 18:01:45,65395,114731,136701,100637,1027,773,928,2
2016/05/31 17:03:07,64777,114716,136033,100403,1026,772,925,2
2016/05/31 13:00:10,64826,117076,138820,101069,1025,771,956,21
2016/05/31 12:00:44,64885,116346,138434,100639,1023,771,949,19
2016/05/31 11:48:31,64054,116122,138025,100605,1023,771,949,19
2016/05/31 03:08:49,64021,115676,138329,100571,1023,771,949,19
2016/05/31 02:01:34,64128,115676,138179,100571,1023,770,949,19
2016/05/31 01:12:44,62974,114764,137040,100237,1023,768,946,19
2016/05/31 00:02:09,62717,114223,136765,100153,1022,766,945,19
2016/05/30 23:00:19,62790,114051,136627,100153,1022,766,945,19
2016/05/30 22:02:30,61607,113321,135873,100019,1020,765,943,19
2016/05/30 21:03:23,59686,113148,135231,99646,1018,763,936,15
2016/05/30 20:10:31,59388,112609,135181,99146,1018,763,934,15
2016/05/30 19:03:14,58094,112006,134507,98962,1018,764,934,15
2016/05/30 18:00:24,57494,111381,134016,98578,1018,760,933,15
2016/05/30 17:00:16,57524,111295,133976,98578,1018,759,933,15
2016/05/30 16:11:30,56829,111294,133415,98394,1018,758,931,15
2016/05/30 15:00:03,56829,111294,133415,98394,1018,758,931,15
2016/05/30 14:03:22,56713,110865,133060,98342,1016,752,947,26
2016/05/30 13:45:17,56095,110804,132646,98308,1015,752,947,26
2016/05/30 04:00:53,56829,111051,132735,97548,1015,754,947,24
2016/05/30 03:00:42,57461,112158,132387,97628,1015,752,947,24
2016/05/30 02:00:50,57020,111794,132037,97542,1015,751,946,24
2016/05/30 01:00:12,54763,112135,132295,97538,1015,752,951,26
2016/05/30 00:29:45,54252,112042,131930,97538,1015,752,951,26
2016/05/29 23:13:07,54019,111518,131805,97504,1015,751,951,26
2016/05/29 22:00:23,53783,111105,131683,97470,1015,751,951,26
2016/05/29 21:14:26,52965,110688,130788,97170,1014,750,949,26
2016/05/29 05:02:35,50644,109478,128906,96667,1012,739,946,26
2016/05/29 04:03:09,49793,109030,128838,96647,1012,739,946,26
2016/05/29 03:45:01,49813,108930,128808,96647,1012,738,946,26
2016/05/29 02:16:44,49597,108571,128758,96617,1012,739,946,26
2016/05/29 01:00:49,68424,123434,152463,116164,1042,737,1045,26
2016/05/29 00:52:34,67475,122818,151779,115930,1042,736,1045,26
2016/05/27 23:00:32,74042,133145,153205,115137,1038,819,1038,26
2016/05/27 22:00:12,74791,134842,153335,115166,1038,832,1038,26
2016/05/27 21:00:02,76326,136596,153652,115169,1038,844,1038,26
2016/05/27 20:27:00,76878,137217,153849,115169,1038,852,1038,26
2016/05/17 03:05:36,133177,173862,204331,134809,1001,1131,954,8
2016/05/17 02:04:54,140162,176561,209714,137405,1001,1144,951,8
2016/05/17 01:04:03,140667,176682,209464,137631,1001,1143,951,8
2016/05/17 00:09:07,150359,181746,217371,139497,1001,1163,951,8
2016/05/16 23:00:15,150899,181852,217341,139759,1001,1163,951,8
2016/05/16 22:00:04,152917,182636,217331,140059,1001,1161,951,8
2016/05/16 21:00:24,153178,182444,216710,140103,999,1158,949,8
2016/05/16 20:00:21,159561,186267,221181,141793,999,1174,949,8
2016/05/16 19:00:25,163970,189050,223910,142844,999,1183,949,8
2016/05/16 18:03:03,168357,191850,226309,144520,999,1192,977,25
2016/05/16 17:00:01,168708,191590,225959,144440,999,1190,977,25
2016/05/16 16:06:43,169513,191666,225642,144340,999,1188,976,25
2016/05/16 15:07:06,169619,191393,225578,144310,999,1184,976,25
2016/05/16 14:04:00,169708,191296,225493,144260,999,1183,975,25
2016/05/16 13:47:20,169653,190959,225265,144130,999,1182,973,25
2016/05/02 07:00:00,255528,217312,243759,170653,955,1227,874,5
2016/05/02 06:00:48,254690,216354,243395,170399,953,1224,872,5
2016/05/02 05:19:05,254862,216430,243335,170399,953,1224,872,5
2016/05/02 04:06:56,254132,215510,243241,170365,953,1222,872,5
2016/05/02 03:01:58,254179,215510,243241,170365,953,1222,872,5
2016/05/02 02:13:40,253402,214590,243147,170331,953,1221,872,5
2016/05/02 01:09:39,253053,214017,242853,170247,953,1218,871,5
2016/05/02 00:00:41,252953,213834,242532,170097,953,1216,869,5
2016/05/01 23:46:59,252003,212664,242118,169863,952,1216,868,5
2016/05/01 07:02:14,251400,211772,241990,169829,952,1214,868,5
2016/05/01 06:08:13,250437,210578,241660,169525,951,1208,883,16
2016/05/01 05:01:45,250403,210480,241546,169491,950,1207,883,16
2016/05/01 04:01:28,249610,209560,240931,169291,949,1206,880,16
2016/05/01 03:01:52,249362,209018,240799,169257,949,1204,880,16
2016/05/01 02:00:00,249332,208868,240719,169207,948,1204,879,16
2016/05/01 01:59:16,248582,208044,240655,169173,948,1204,879,16
2016/04/30 09:01:05,247070,205937,239746,168735,946,1197,876,16
2016/04/30 08:18:53,246320,205113,239682,168701,946,1196,876,16
2016/04/30 07:03:39,246254,204923,239571,168611,945,1194,876,16
2016/04/30 06:28:37,245896,204278,239377,168477,945,1194,875,16
2016/04/30 05:06:24,245166,203354,239283,168443,945,1193,875,16
2016/04/30 04:01:13,245206,203154,239223,168443,945,1191,875,16
2016/04/30 03:37:19,244456,202330,239159,168409,945,1191,875,16
2016/04/30 02:09:32,244496,202130,239099,168409,945,1190,875,16
2016/04/30 01:03:56,243734,201021,238716,168236,945,1188,875,16
2016/04/30 00:07:42,243409,200526,238602,168152,944,1187,874,16
2016/04/27 22:02:20,234975,187753,233218,166450,935,1159,859,17
2016/04/27 21:21:19,234975,187753,233218,166450,935,1159,859,17
2016/04/27 20:16:28,234225,186933,233154,166416,935,1159,859,17
2016/04/27 19:00:18,234415,186906,233094,166416,935,1157,859,17
2016/04/27 18:41:09,233958,186131,232702,166202,935,1154,859,17
2016/04/27 17:00:08,233515,185668,232657,166202,935,1154,859,17
2016/04/27 16:39:40,233237,185223,232593,166168,935,1154,859,17
2016/04/27 15:08:17,232721,184564,232472,166118,935,1152,857,17
2016/04/27 14:43:00,232299,183968,232144,165994,934,1150,857,17
2016/04/24 09:05:39,219084,164893,220564,161829,923,1113,828,14
2016/04/24 08:00:45,219023,164594,220187,162049,922,1111,833,15
2016/04/24 07:59:26,218279,163782,220123,162015,922,1111,833,15
2016/04/24 06:00:42,218222,163700,219868,161895,920,1107,831,15
2016/04/24 05:01:10,217460,162767,219687,161761,920,1106,830,15
2016/04/24 04:00:01,216703,161951,218990,161277,920,1102,828,15
2016/04/24 03:06:27,216755,161765,218930,161277,920,1102,828,15
2016/04/24 02:36:03,216006,160940,218833,161243,920,1101,828,15
2016/04/23 09:20:13,213971,158334,218206,160891,919,1100,825,15
2016/04/23 08:03:03,213971,158334,218206,160891,919,1100,825,15
2016/04/23 07:00:15,213297,157513,217789,160701,918,1098,824,15
2016/04/23 06:02:46,212898,156617,217335,160497,917,1093,820,15
2016/04/23 05:16:59,212806,156530,217221,160463,916,1092,820,15
2016/04/23 04:03:13,212375,156080,217168,160463,916,1091,820,15
2016/04/23 03:17:48,212129,155551,217074,160429,916,1091,820,15
2016/04/23 02:05:14,211433,154486,216680,160245,916,1090,820,15
2016/04/22 19:01:28,209703,152621,215742,160715,916,1089,830,15
2016/04/22 18:06:48,209640,152836,215335,160295,914,1082,818,14
2016/04/17 08:00:30,186391,124609,199960,152624,890,1012,763,12
2016/04/17 07:03:06,185855,124295,198937,152554,889,1010,764,12
2016/04/17 06:04:33,185812,124282,198853,152554,889,1010,763,12
2016/04/17 05:01:06,185052,124257,198331,152464,888,1009,762,12
2016/04/17 04:21:58,185111,123676,197826,152464,888,1009,762,12
2016/04/17 03:00:02,185105,123678,197786,152464,888,1009,762,12
2016/04/17 02:39:38,185054,123630,197706,152464,888,1009,762,12
2016/04/17 01:24:00,184446,123131,196816,152464,888,1009,762,12
2016/04/16 07:08:10,182263,122027,193644,151934,888,1003,759,12
2016/04/16 06:36:09,182384,121533,193139,151934,888,1003,759,12
2016/04/16 05:25:48,182363,121515,193099,151934,888,1003,759,12
2016/04/16 04:10:35,182414,121593,193059,151934,888,1003,759,12
2016/04/16 03:00:19,181755,121017,192169,151934,888,1003,759,12
2016/04/16 02:34:12,181743,121029,192129,151934,888,1003,759,12
2016/04/16 01:03:20,181156,120659,191239,151934,888,1003,759,12
2016/04/15 05:23:19,178282,119623,186671,151219,884,997,751,12
2016/04/15 03:02:24,178246,119595,186536,151219,884,997,751,12
2016/04/15 02:13:01,177657,119121,185629,151219,884,997,751,12
2016/04/14 00:00:14,175340,117673,182180,150705,880,990,777,19
2016/04/13 23:03:45,173974,117048,180157,150416,880,987,777,19
2016/04/13 22:01:26,173826,117119,180001,150119,880,987,777,19
2016/04/13 21:01:32,173826,117119,180001,150119,880,987,777,19
2016/04/13 20:01:32,172865,116646,178891,149873,880,990,776,19
2016/04/13 19:10:16,172447,117359,177975,149032,880,989,770,17
2016/04/13 18:21:17,172471,117382,177975,148894,880,989,770,17
2016/04/11 18:22:16,167190,115240,168817,141630,865,1006,751,21
2016/04/10 18:09:39,165914,114821,165604,139826,862,1004,745,16
2016/04/10 17:00:51,165877,114906,165604,139688,862,1004,745,16
2016/04/10 16:32:04,165476,114716,164655,139480,862,1004,744,16
2016/04/10 07:00:16,165532,114164,164165,139312,862,1002,744,16
2016/04/10 06:00:56,164614,113657,163092,138529,861,997,741,16
2016/04/10 05:00:20,164788,113969,162970,138113,859,995,737,16
2016/04/10 04:13:37,163844,113377,161836,137592,858,993,737,16
2016/04/10 03:03:43,163744,113184,161536,137324,858,993,737,16
2016/04/10 02:22:56,163887,113513,161536,137241,858,993,737,16
2016/04/10 01:25:49,163492,113277,160943,137114,857,996,736,16
2016/04/09 19:01:02,163257,113562,160143,137139,857,993,736,16
2016/04/09 18:01:10,162309,112937,158450,136545,856,989,731,16
2016/04/09 16:02:34,162507,113175,158380,136337,855,988,730,16
2016/04/09 15:56:10,161923,112721,157470,136099,855,988,729,16
2016/04/09 05:04:43,161732,112829,156787,135823,854,988,729,16
2016/04/09 04:05:35,160077,112847,156199,135405,853,986,721,13
2016/04/09 03:02:59,159516,112257,155064,134979,853,986,721,13
2016/04/07 14:05:41,157180,110675,149395,132262,849,978,712,13
2016/04/07 13:26:36,156416,110021,148133,131934,848,977,711,13
2016/04/04 03:21:51,148377,108539,129083,119367,829,982,668,6
2016/04/04 01:04:58,148879,109122,129013,119374,829,982,668,6
2016/04/04 00:50:03,148307,108663,128203,119374,829,982,668,6
2016/04/03 21:24:56,148826,108987,127740,118640,829,988,665,3
2016/04/03 20:05:08,149305,109427,127777,118716,829,990,665,3
2016/04/03 19:15:32,149814,110022,127974,118572,829,991,665,3
2016/04/03 18:19:23,150721,113196,131103,118846,829,992,690,22
2016/04/03 17:00:25,150217,112799,130293,118758,829,992,690,22
2016/04/03 16:00:05,151633,114304,130531,118864,827,994,687,22
2016/04/03 15:04:19,155654,116922,134038,119250,827,1002,685,22
2016/04/03 14:22:34,158712,117849,137899,119158,825,1001,681,22
2016/04/02 13:34:46,166027,121774,141250,117077,820,1023,671,16
2016/03/21 22:12:36,131897,104284,87658,89980,777,973,569,10
2016/03/21 21:04:20,131452,103936,86777,89704,777,973,569,10
2016/03/21 20:01:09,131533,104027,86665,89566,777,973,569,10
2016/03/21 19:00:04,131628,104123,86509,89446,777,973,569,10
2016/03/21 18:17:37,130797,103723,85015,88848,776,971,566,10
2016/03/21 14:00:01,130629,103563,84866,88708,775,969,562,10
2016/03/21 13:44:47,130305,103555,84006,88570,774,969,562,10
