时间,结果,开发装备,类型,燃,弹,钢,铝,旗舰,司令部Lv
2017/03/10 15:54:24,成功,天山,艦上攻撃機,20,60,10,100,翔鶴改二甲(Lv.123),115
2017/03/10 15:54:16,成功,九九式艦爆,艦上爆撃機,20,60,10,100,翔鶴改二甲(Lv.123),115
2017/03/10 15:54:07,成功,九九式艦爆,艦上爆撃機,20,60,10,100,翔鶴改二甲(Lv.123),115
2017/03/10 15:53:58,成功,彗星,艦上爆撃機,20,60,10,100,翔鶴改二甲(Lv.123),115
2017/03/10 15:53:48,成功,零式艦戦52型,艦上戦闘機,20,60,10,100,翔鶴改二甲(Lv.123),115
2017/03/10 15:53:39,成功,零式艦戦52型,艦上戦闘機,20,60,10,100,翔鶴改二甲(Lv.123),115
2017/03/10 15:53:29,成功,零式艦戦32型,艦上戦闘機,20,60,10,100,翔鶴改二甲(Lv.123),115
2017/03/10 15:53:14,失敗,21号対空電探,大型電探,20,60,10,100,翔鶴改二甲(Lv.123),115
2017/03/10 15:53:05,成功,零式艦戦52型,艦上戦闘機,20,60,10,100,翔鶴改二甲(Lv.123),115
2017/03/10 15:52:55,成功,天山,艦上攻撃機,20,60,10,100,翔鶴改二甲(Lv.123),115
2017/03/10 15:52:44,成功,九九式艦爆,艦上爆撃機,20,60,10,100,翔鶴改二甲(Lv.123),115
2017/03/10 15:52:35,成功,天山,艦上攻撃機,20,60,10,100,翔鶴改二甲(Lv.123),115
2017/03/10 15:52:26,成功,彗星一二型甲,艦上爆撃機,20,60,10,100,翔鶴改二甲(Lv.123),115
2017/03/10 15:52:15,成功,彗星,艦上爆撃機,20,60,10,100,翔鶴改二甲(Lv.123),115
2017/03/10 15:52:05,成功,零式艦戦62型(爆戦),艦上爆撃機,20,60,10,100,翔鶴改二甲(Lv.123),115
2017/03/10 15:51:56,成功,零式艦戦52型,艦上戦闘機,20,60,10,100,翔鶴改二甲(Lv.123),115
2017/03/10 15:51:46,成功,彗星,艦上爆撃機,20,60,10,100,翔鶴改二甲(Lv.123),115
2017/03/10 15:51:38,成功,九九式艦爆,艦上爆撃機,20,60,10,100,翔鶴改二甲(Lv.123),115
2017/03/10 15:51:28,成功,九六式艦戦,艦上戦闘機,20,60,10,100,翔鶴改二甲(Lv.123),115
2017/03/10 15:51:18,成功,流星改,艦上攻撃機,20,60,10,100,翔鶴改二甲(Lv.123),115
2017/03/10 15:51:08,成功,九九式艦爆,艦上爆撃機,20,60,10,100,翔鶴改二甲(Lv.123),115
2017/03/10 15:50:58,失敗,三式弾,対空強化弾,20,60,10,100,翔鶴改二甲(Lv.123),115
2017/03/10 15:50:50,成功,瑞雲,水上爆撃機,20,60,10,100,翔鶴改二甲(Lv.123),115
2017/03/10 15:50:36,成功,九九式艦爆,艦上爆撃機,20,60,10,100,翔鶴改二甲(Lv.123),115
2017/03/10 15:50:27,成功,彗星,艦上爆撃機,20,60,10,100,翔鶴改二甲(Lv.123),115
2017/03/10 15:50:16,失敗,13号対空電探,小型電探,20,60,10,100,翔鶴改二甲(Lv.123),115
2017/03/10 15:50:05,成功,九九式艦爆,艦上爆撃機,20,60,10,100,翔鶴改二甲(Lv.123),115
2017/03/10 15:49:54,失敗,13号対空電探,小型電探,20,60,10,100,翔鶴改二甲(Lv.123),115
2017/03/10 15:49:44,失敗,彩雲,艦上偵察機,20,60,10,100,翔鶴改二甲(Lv.123),115
2017/03/10 15:47:28,成功,零式艦戦21型,艦上戦闘機,20,60,10,100,翔鶴改二甲(Lv.123),115
2017/03/10 15:47:19,成功,天山,艦上攻撃機,20,60,10,100,翔鶴改二甲(Lv.123),115
2017/03/10 15:47:10,成功,零式艦戦21型,艦上戦闘機,20,60,10,100,翔鶴改二甲(Lv.123),115
2017/03/10 15:47:01,成功,零式艦戦21型,艦上戦闘機,20,60,10,100,翔鶴改二甲(Lv.123),115
2017/03/10 15:46:52,成功,流星,艦上攻撃機,20,60,10,100,翔鶴改二甲(Lv.123),115
2017/03/10 15:46:42,成功,零式水上偵察機,水上偵察機,20,60,10,100,翔鶴改二甲(Lv.123),115
2017/03/10 15:46:32,成功,彗星,艦上爆撃機,20,60,10,100,翔鶴改二甲(Lv.123),115
2017/03/10 15:46:23,成功,九九式艦爆,艦上爆撃機,20,60,10,100,翔鶴改二甲(Lv.123),115
2017/03/10 15:46:13,成功,九七式艦攻,艦上攻撃機,20,60,10,100,翔鶴改二甲(Lv.123),115
2017/03/10 15:41:57,成功,流星,艦上攻撃機,20,60,10,100,翔鶴改二甲(Lv.123),115
2017/03/10 15:41:49,成功,天山,艦上攻撃機,20,60,10,100,翔鶴改二甲(Lv.123),115
2017/03/10 15:41:37,成功,九九式艦爆,艦上爆撃機,20,60,10,100,翔鶴改二甲(Lv.123),115
2017/03/10 15:41:28,成功,零式艦戦52型,艦上戦闘機,20,60,10,100,翔鶴改二甲(Lv.123),115
2017/03/10 15:40:9,成功,天山,艦上攻撃機,20,60,10,100,翔鶴改二甲(Lv.123),115
2017/03/10 00:13:55,成功,零式艦戦52型,艦上戦闘機,20,60,10,100,翔鶴改二甲(Lv.123),115
2017/03/10 00:13:45,成功,零式水上偵察機,水上偵察機,20,60,10,100,翔鶴改二甲(Lv.123),115
2017/03/10 00:13:35,成功,零式水上偵察機,水上偵察機,20,60,10,100,翔鶴改二甲(Lv.123),115
2017/03/10 00:13:27,成功,瑞雲,水上爆撃機,20,60,10,100,翔鶴改二甲(Lv.123),115
2017/03/10 00:13:06,成功,九七式艦攻,艦上攻撃機,20,60,10,100,翔鶴改二甲(Lv.123),115
2017/03/10 00:12:57,成功,九九式艦爆,艦上爆撃機,20,60,10,100,翔鶴改二甲(Lv.123),115
2017/03/10 00:12:11,成功,彗星,艦上爆撃機,20,60,10,100,翔鶴改二甲(Lv.123),115
2017/03/10 00:12:02,成功,零式水上偵察機,水上偵察機,20,60,10,100,翔鶴改二甲(Lv.123),115
2017/03/10 00:11:53,成功,零式艦戦52型,艦上戦闘機,20,60,10,100,翔鶴改二甲(Lv.123),115
2017/03/10 00:11:45,成功,零式艦戦52型,艦上戦闘機,20,60,10,100,翔鶴改二甲(Lv.123),115
2017/03/10 00:05:11,成功,零式艦戦62型(爆戦),艦上爆撃機,20,60,10,100,翔鶴改二甲(Lv.123),115
2017/03/10 00:05:00,成功,彗星,艦上爆撃機,20,60,10,100,翔鶴改二甲(Lv.123),115
2017/03/10 00:04:00,成功,天山,艦上攻撃機,20,60,10,100,翔鶴改二甲(Lv.123),115
2017/03/10 00:03:51,失敗,21号対空電探,大型電探,20,60,10,100,翔鶴改二甲(Lv.123),115
2017/03/10 00:03:32,成功,零式艦戦32型,艦上戦闘機,20,60,10,100,翔鶴改二甲(Lv.123),115
2017/03/10 00:03:22,失敗,彩雲,艦上偵察機,20,60,10,100,翔鶴改二甲(Lv.123),115
2017/03/10 00:03:13,成功,天山,艦上攻撃機,20,60,10,100,翔鶴改二甲(Lv.123),115
2017/03/10 00:03:04,成功,九九式艦爆,艦上爆撃機,20,60,10,100,翔鶴改二甲(Lv.123),115
2017/03/10 00:02:40,成功,紫電改二,艦上戦闘機,20,60,10,100,翔鶴改二甲(Lv.123),115
2017/03/10 00:02:31,成功,瑞雲,水上爆撃機,20,60,10,100,翔鶴改二甲(Lv.123),115
2017/03/9 14:42:12,成功,61cm四連装魚雷,魚雷,10,90,90,30,Iowa改(Lv.123),115
2017/03/9 14:42:01,成功,25mm連装機銃,対空機銃,10,90,90,30,Iowa改(Lv.123),115
2017/03/9 14:41:51,成功,10cm連装高角砲,小口径主砲,10,90,90,30,Iowa改(Lv.123),115
2017/03/9 14:40:25,成功,25mm三連装機銃,対空機銃,10,90,90,30,Iowa改(Lv.123),115
2017/03/08 23:30:52,成功,12cm単装砲,小口径主砲,10,20,50,10,阿武隈改二(Lv.121),115
2017/03/08 23:30:02,成功,8cm高角砲,副砲,10,20,50,10,阿武隈改二(Lv.121),115
2017/03/08 23:29:36,成功,15.5cm三連装副砲,副砲,10,20,50,10,阿武隈改二(Lv.121),115
2017/03/08 23:28:26,成功,12cm単装砲,小口径主砲,10,20,50,10,阿武隈改二(Lv.121),115
2017/03/06 22:22:38,失敗,21号対空電探,大型電探,20,10,10,20,利根改二(Lv.95),115
2017/03/06 22:22:28,成功,零式水上観測機,水上偵察機,20,10,10,20,利根改二(Lv.95),115
2017/03/06 22:22:02,成功,九六式艦戦,艦上戦闘機,20,10,10,20,利根改二(Lv.95),115
2017/03/06 22:21:05,成功,九六式艦戦,艦上戦闘機,20,10,10,20,利根改二(Lv.95),115
2017/03/04 14:58:37,成功,九六式艦戦,艦上戦闘機,20,10,10,20,利根改二(Lv.95),115
2017/03/04 14:58:27,失敗,32号対水上電探,大型電探,20,10,10,20,利根改二(Lv.95),115
2017/03/04 14:58:18,失敗,強化型艦本式缶,機関部強化,20,10,10,20,利根改二(Lv.95),115
2017/03/04 14:57:57,成功,零式水上偵察機,水上偵察機,20,10,10,20,翔鶴改二甲(Lv.122),115
2017/03/04 14:55:30,成功,零式水上偵察機,水上偵察機,20,10,10,20,翔鶴改二甲(Lv.122),115
2017/03/03 15:51:24,成功,12.7mm単装機銃,対空機銃,20,10,10,20,利根改二(Lv.95),115
2017/03/03 15:50:46,成功,零式水上偵察機,水上偵察機,20,10,10,20,利根改二(Lv.95),115
2017/03/03 15:50:37,成功,7.7mm機銃,対空機銃,20,10,10,20,利根改二(Lv.95),115
2017/03/03 15:49:55,成功,零式艦戦21型,艦上戦闘機,20,10,10,20,利根改二(Lv.95),115
2017/03/02 20:55:49,成功,ドラム缶(輸送用),簡易輸送部材,10,20,50,10,矢矧改(Lv.54),115
2017/03/02 20:54:55,成功,ドラム缶(輸送用),簡易輸送部材,10,20,50,10,矢矧改(Lv.54),115
2017/03/02 20:54:44,失敗,強化型艦本式缶,機関部強化,10,20,50,10,矢矧改(Lv.54),115
2017/03/02 20:54:28,成功,15.5cm三連装砲,中口径主砲,10,20,50,10,矢矧改(Lv.54),115
2017/03/02 20:50:08,成功,10cm連装高角砲,小口径主砲,10,20,50,10,阿賀野改(Lv.67),115
2017/03/02 20:49:56,失敗,九七式艦攻,艦上攻撃機,10,20,50,10,阿賀野改(Lv.67),115
2017/03/02 20:49:48,成功,15.5cm三連装副砲,副砲,10,20,50,10,阿賀野改(Lv.67),115
2017/03/02 20:49:36,失敗,九七式艦攻,艦上攻撃機,10,20,50,10,阿賀野改(Lv.67),115
2017/03/02 20:49:22,成功,15.2cm単装砲,副砲,10,20,50,10,阿賀野改(Lv.67),115
2017/03/02 20:49:12,失敗,改良型艦本式タービン,機関部強化,10,20,50,10,阿賀野改(Lv.67),115
2017/03/02 20:48:45,成功,12cm単装砲,小口径主砲,10,20,50,10,阿賀野改(Lv.67),115
2017/03/02 20:48:01,成功,8cm高角砲,副砲,10,20,50,10,阿賀野改(Lv.67),115
2017/03/02 20:47:49,失敗,13号対空電探,小型電探,10,20,50,10,阿賀野改(Lv.67),115
2017/03/02 20:47:38,失敗,強化型艦本式缶,機関部強化,10,20,50,10,阿賀野改(Lv.67),115
2017/03/02 20:47:29,失敗,20.3cm連装砲,中口径主砲,10,20,50,10,阿賀野改(Lv.67),115
2017/03/02 20:47:20,成功,15.2cm単装砲,副砲,10,20,50,10,阿賀野改(Lv.67),115
2017/03/02 20:47:11,成功,15.5cm三連装砲,中口径主砲,10,20,50,10,阿賀野改(Lv.67),115
2017/03/02 20:46:20,成功,25mm連装機銃,対空機銃,10,20,50,10,阿賀野改(Lv.67),115
2017/03/02 20:46:10,成功,九六式艦戦,艦上戦闘機,10,20,50,10,阿賀野改(Lv.67),115
2017/03/02 20:46:00,失敗,61cm四連装(酸素)魚雷,魚雷,10,20,50,10,阿賀野改(Lv.67),115
2017/03/02 20:45:51,失敗,九九式艦爆,艦上爆撃機,10,20,50,10,阿賀野改(Lv.67),115
2017/03/02 20:45:42,成功,15.2cm単装砲,副砲,10,20,50,10,阿賀野改(Lv.67),115
2017/03/02 20:45:34,成功,25mm単装機銃,対空機銃,10,20,50,10,阿賀野改(Lv.67),115
2017/03/02 20:45:25,成功,25mm連装機銃,対空機銃,10,20,50,10,阿賀野改(Lv.67),115
2017/03/02 20:45:16,成功,12cm単装砲,小口径主砲,10,20,50,10,阿賀野改(Lv.67),115
2017/03/02 20:44:17,成功,15.2cm単装砲,副砲,10,20,50,10,阿賀野改(Lv.67),115
2017/03/02 20:44:08,成功,61cm四連装魚雷,魚雷,10,20,50,10,阿賀野改(Lv.67),115
2017/03/02 20:43:59,成功,12.7cm連装砲,小口径主砲,10,20,50,10,阿賀野改(Lv.67),115
2017/03/02 20:43:50,失敗,改良型艦本式タービン,機関部強化,10,20,50,10,阿賀野改(Lv.67),115
2017/03/02 20:43:41,成功,8cm高角砲,副砲,10,20,50,10,阿賀野改(Lv.67),115
2017/03/02 20:43:32,成功,15.5cm三連装砲,中口径主砲,10,20,50,10,阿賀野改(Lv.67),115
2017/03/02 20:43:24,成功,10cm連装高角砲,小口径主砲,10,20,50,10,阿賀野改(Lv.67),115
2017/03/02 20:43:14,失敗,強化型艦本式缶,機関部強化,10,20,50,10,阿賀野改(Lv.67),115
2017/03/02 20:42:53,成功,ドラム缶(輸送用),簡易輸送部材,10,20,50,10,阿賀野改(Lv.67),115
2017/03/02 20:42:35,成功,61cm三連装魚雷,魚雷,10,20,50,10,阿賀野改(Lv.67),115
2017/03/02 20:42:26,失敗,改良型艦本式タービン,機関部強化,10,20,50,10,阿賀野改(Lv.67),115
2017/03/02 20:42:17,成功,7.7mm機銃,対空機銃,10,20,50,10,阿賀野改(Lv.67),115
2017/03/02 20:41:57,成功,12cm単装砲,小口径主砲,10,20,50,10,阿賀野改(Lv.67),115
2017/03/02 20:41:47,成功,九六式艦戦,艦上戦闘機,10,20,50,10,阿賀野改(Lv.67),115
2017/03/02 20:41:39,成功,15.2cm単装砲,副砲,10,20,50,10,阿賀野改(Lv.67),115
2017/03/02 20:41:29,失敗,22号対水上電探,小型電探,10,20,50,10,阿賀野改(Lv.67),115
2017/03/02 20:41:20,失敗,九七式艦攻,艦上攻撃機,10,20,50,10,阿賀野改(Lv.67),115
2017/03/02 20:41:9,成功,15.5cm三連装副砲,副砲,10,20,50,10,阿賀野改(Lv.67),115
2017/03/02 20:41:01,成功,12cm単装砲,小口径主砲,10,20,50,10,阿賀野改(Lv.67),115
2017/03/02 20:40:52,成功,10cm連装高角砲,小口径主砲,10,20,50,10,阿賀野改(Lv.67),115
2017/03/02 20:40:43,成功,14cm単装砲,中口径主砲,10,20,50,10,阿賀野改(Lv.67),115
2017/03/02 20:38:27,成功,15.2cm連装砲,中口径主砲,10,20,50,10,阿武隈改二(Lv.121),115
2017/03/02 20:38:14,失敗,33号対水上電探,小型電探,10,20,50,10,阿武隈改二(Lv.121),115
2017/03/02 20:38:05,成功,九四式爆雷投射機,爆雷,10,20,50,10,阿武隈改二(Lv.121),115
2017/03/02 20:37:55,失敗,61cm四連装(酸素)魚雷,魚雷,10,20,50,10,阿武隈改二(Lv.121),115
2017/03/02 20:37:47,成功,15.5cm三連装副砲,副砲,10,20,50,10,阿武隈改二(Lv.121),115
2017/03/02 20:37:38,失敗,九九式艦爆,艦上爆撃機,10,20,50,10,阿武隈改二(Lv.121),115
2017/03/02 20:37:29,成功,15.2cm単装砲,副砲,10,20,50,10,阿武隈改二(Lv.121),115
2017/03/02 20:37:07,成功,15.2cm単装砲,副砲,10,20,50,10,阿武隈改二(Lv.121),115
2017/03/02 20:36:39,成功,15.2cm単装砲,副砲,10,20,50,10,阿武隈改二(Lv.121),115
2017/03/02 20:36:27,成功,61cm四連装魚雷,魚雷,10,20,50,10,阿武隈改二(Lv.121),115
2017/03/02 20:36:17,失敗,13号対空電探,小型電探,10,20,50,10,阿武隈改二(Lv.121),115
2017/03/02 20:35:57,成功,25mm連装機銃,対空機銃,10,20,50,10,阿武隈改二(Lv.121),115
2017/03/02 20:35:48,成功,12.7cm連装砲,小口径主砲,10,20,50,10,阿武隈改二(Lv.121),115
2017/03/02 20:35:40,成功,25mm単装機銃,対空機銃,10,20,50,10,阿武隈改二(Lv.121),115
2017/03/02 20:35:30,失敗,33号対水上電探,小型電探,10,20,50,10,阿武隈改二(Lv.121),115
2017/03/02 20:35:21,失敗,13号対空電探,小型電探,10,20,50,10,阿武隈改二(Lv.121),115
2017/03/02 20:34:31,成功,14cm単装砲,中口径主砲,10,20,50,10,阿武隈改二(Lv.121),115
2017/03/02 20:34:22,成功,25mm連装機銃,対空機銃,10,20,50,10,阿武隈改二(Lv.121),115
2017/03/02 20:34:13,成功,7.7mm機銃,対空機銃,10,20,50,10,阿武隈改二(Lv.121),115
2017/03/02 20:34:04,成功,25mm連装機銃,対空機銃,10,20,50,10,阿武隈改二(Lv.121),115
2017/03/02 20:33:56,成功,8cm高角砲,副砲,10,20,50,10,阿武隈改二(Lv.121),115
2017/03/02 20:33:46,失敗,改良型艦本式タービン,機関部強化,10,20,50,10,阿武隈改二(Lv.121),115
2017/03/02 20:33:38,成功,14cm単装砲,中口径主砲,10,20,50,10,阿武隈改二(Lv.121),115
2017/03/02 20:33:27,成功,12.7cm連装砲,小口径主砲,10,20,50,10,阿武隈改二(Lv.121),115
2017/03/02 20:33:17,失敗,13号対空電探,小型電探,10,20,50,10,阿武隈改二(Lv.121),115
2017/03/02 20:30:58,成功,ドラム缶(輸送用),簡易輸送部材,10,20,50,10,阿武隈改二(Lv.121),115
2017/03/02 20:30:21,成功,15.5cm三連装副砲,副砲,10,20,50,10,阿武隈改二(Lv.121),115
2017/03/02 20:30:12,成功,25mm連装機銃,対空機銃,10,20,50,10,阿武隈改二(Lv.121),115
2017/03/02 20:28:01,失敗,零式水上偵察機,水上偵察機,10,20,50,10,阿武隈改二(Lv.121),115
2017/02/28 21:59:27,成功,61cm三連装魚雷,魚雷,10,20,50,10,阿武隈改二(Lv.121),115
2017/02/28 21:59:11,成功,10cm連装高角砲,小口径主砲,10,20,50,10,阿武隈改二(Lv.121),115
2017/02/28 21:59:01,失敗,13号対空電探,小型電探,10,20,50,10,阿武隈改二(Lv.121),115
2017/02/28 21:58:53,成功,14cm単装砲,中口径主砲,10,20,50,10,阿武隈改二(Lv.121),115
2017/02/28 21:58:44,成功,25mm連装機銃,対空機銃,10,20,50,10,阿武隈改二(Lv.121),115
2017/02/28 21:58:21,成功,61cm三連装魚雷,魚雷,10,20,50,10,阿武隈改二(Lv.121),115
2017/02/28 21:58:06,成功,12.7cm連装砲,小口径主砲,10,20,50,10,阿武隈改二(Lv.121),115
2017/02/28 21:57:38,成功,瑞雲,水上爆撃機,20,60,10,100,大鳳改(Lv.118),115
2017/02/28 21:57:11,失敗,彩雲,艦上偵察機,20,60,10,100,大鳳改(Lv.118),115
2017/02/28 21:56:22,成功,九九式艦爆,艦上爆撃機,20,60,10,100,大鳳改(Lv.118),115
2017/02/28 21:55:20,成功,天山,艦上攻撃機,20,60,10,100,大鳳改(Lv.118),115
2017/02/27 13:15:24,成功,彗星,艦上爆撃機,20,60,10,100,瑞鶴改二甲(Lv.121),115
2017/02/27 13:15:16,成功,九七式艦攻,艦上攻撃機,20,60,10,100,瑞鶴改二甲(Lv.121),115
2017/02/27 13:15:07,成功,流星,艦上攻撃機,20,60,10,100,瑞鶴改二甲(Lv.121),115
2017/02/27 13:14:58,成功,零式艦戦52型,艦上戦闘機,20,60,10,100,瑞鶴改二甲(Lv.121),115
2017/02/27 13:14:35,成功,天山,艦上攻撃機,20,60,10,100,瑞鶴改二甲(Lv.121),115
2017/02/27 13:14:19,成功,零式艦戦62型(爆戦),艦上爆撃機,20,60,10,100,瑞鶴改二甲(Lv.121),115
2017/02/27 13:14:03,成功,烈風,艦上戦闘機,20,60,10,100,瑞鶴改二甲(Lv.121),115
2017/02/27 13:13:53,失敗,三式弾,対空強化弾,20,60,10,100,瑞鶴改二甲(Lv.121),115
2017/02/27 13:12:43,失敗,彩雲,艦上偵察機,20,60,10,100,瑞鶴改二甲(Lv.121),115
2017/02/25 00:19:33,成功,25mm連装機銃,対空機銃,10,20,50,10,阿武隈改二(Lv.121),115
2017/02/25 00:19:25,成功,12cm単装砲,小口径主砲,10,20,50,10,阿武隈改二(Lv.121),115
2017/02/25 00:18:41,成功,12.7cm連装砲,小口径主砲,10,20,50,10,阿武隈改二(Lv.121),115
2017/02/25 00:17:43,成功,10cm連装高角砲,小口径主砲,10,20,50,10,阿武隈改二(Lv.121),115
2017/02/24 02:10:55,失敗,九七式艦攻,艦上攻撃機,10,20,50,10,阿武隈改二(Lv.120),115
2017/02/24 02:10:44,成功,61cm四連装魚雷,魚雷,10,20,50,10,阿武隈改二(Lv.120),115
2017/02/24 02:10:30,成功,12cm単装砲,小口径主砲,10,20,50,10,阿武隈改二(Lv.120),115
2017/02/24 02:10:20,成功,ドラム缶(輸送用),簡易輸送部材,10,20,50,10,阿武隈改二(Lv.120),115
2017/02/24 02:9:03,成功,15.2cm連装砲,中口径主砲,10,20,50,10,阿武隈改二(Lv.120),115
2017/02/24 02:08:54,成功,15.2cm単装砲,副砲,10,20,50,10,阿武隈改二(Lv.120),115
2017/02/22 14:33:06,失敗,甲標的,特殊潜航艇,20,10,10,20,利根改二(Lv.95),115
2017/02/22 14:32:23,失敗,瑞雲,水上爆撃機,20,10,10,20,利根改二(Lv.95),115
2017/02/22 14:32:02,成功,零式艦戦21型,艦上戦闘機,20,10,10,20,利根改二(Lv.95),115
2017/02/22 14:31:44,失敗,12.7cm連装砲,小口径主砲,20,10,10,20,利根改二(Lv.95),115
2017/02/22 14:31:21,成功,零式水上偵察機,水上偵察機,20,10,10,20,利根改二(Lv.95),115
2017/02/22 14:30:51,成功,7.7mm機銃,対空機銃,20,10,10,20,利根改二(Lv.95),115
2017/02/22 14:30:29,失敗,12.7cm連装高角砲,副砲,20,10,10,20,利根改二(Lv.95),115
2017/02/22 14:30:11,失敗,甲標的,特殊潜航艇,20,10,10,20,利根改二(Lv.95),115
2017/02/22 14:28:50,失敗,25mm三連装機銃,対空機銃,20,10,10,20,利根改二(Lv.95),115
2017/02/22 14:28:36,失敗,12.7cm連装高角砲,副砲,20,10,10,20,利根改二(Lv.95),115
2017/02/22 14:28:26,失敗,零式艦戦52型,艦上戦闘機,20,10,10,20,利根改二(Lv.95),115
2017/02/22 14:28:16,失敗,甲標的,特殊潜航艇,20,10,10,20,利根改二(Lv.95),115
2017/02/22 14:28:07,失敗,零式艦戦52型,艦上戦闘機,20,10,10,20,利根改二(Lv.95),115
2017/02/22 14:27:56,失敗,10cm連装高角砲,小口径主砲,20,10,10,20,利根改二(Lv.95),115
2017/02/22 14:27:47,失敗,零式艦戦52型,艦上戦闘機,20,10,10,20,利根改二(Lv.95),115
2017/02/22 14:27:37,失敗,改良型艦本式タービン,機関部強化,20,10,10,20,利根改二(Lv.95),115
2017/02/22 14:27:27,失敗,12.7cm連装高角砲,副砲,20,10,10,20,利根改二(Lv.95),115
2017/02/22 14:27:19,成功,25mm単装機銃,対空機銃,20,10,10,20,利根改二(Lv.95),115
2017/02/22 14:27:11,成功,12cm単装砲,小口径主砲,20,10,10,20,利根改二(Lv.95),115
2017/02/22 14:27:01,失敗,甲標的,特殊潜航艇,20,10,10,20,利根改二(Lv.95),115
2017/02/22 14:26:53,成功,零式水上偵察機,水上偵察機,20,10,10,20,利根改二(Lv.95),115
2017/02/22 14:26:43,失敗,改良型艦本式タービン,機関部強化,20,10,10,20,利根改二(Lv.95),115
2017/02/22 14:26:35,成功,7.7mm機銃,対空機銃,20,10,10,20,利根改二(Lv.95),115
2017/02/22 14:26:26,成功,零式水上偵察機,水上偵察機,20,10,10,20,利根改二(Lv.95),115
2017/02/22 14:26:18,成功,九六式艦戦,艦上戦闘機,20,10,10,20,利根改二(Lv.95),115
2017/02/22 14:25:28,失敗,瑞雲,水上爆撃機,20,10,10,20,利根改二(Lv.95),115
2017/02/22 14:25:00,失敗,13号対空電探,小型電探,20,10,10,20,大鳳改(Lv.118),115
2017/02/21 12:10:12,成功,零式水上偵察機,水上偵察機,20,10,10,20,利根改二(Lv.95),115
2017/02/21 12:10:02,失敗,32号対水上電探,大型電探,20,10,10,20,利根改二(Lv.95),115
2017/02/21 12:9:13,成功,25mm単装機銃,対空機銃,20,10,10,20,利根改二(Lv.95),115
2017/02/21 12:07:37,成功,零式艦戦21型,艦上戦闘機,20,10,10,20,利根改二(Lv.95),115
2017/02/20 19:05:36,成功,九七式艦攻,艦上攻撃機,20,60,10,100,翔鶴改二甲(Lv.122),115
2017/02/20 19:05:00,成功,零式艦戦52型,艦上戦闘機,20,60,10,100,翔鶴改二甲(Lv.122),115
2017/02/20 19:04:52,成功,零式艦戦21型,艦上戦闘機,20,60,10,100,翔鶴改二甲(Lv.122),115
2017/02/20 19:04:43,成功,零式艦戦52型,艦上戦闘機,20,60,10,100,翔鶴改二甲(Lv.122),115
2017/02/20 19:04:34,成功,零式艦戦62型(爆戦),艦上爆撃機,20,60,10,100,翔鶴改二甲(Lv.122),115
2017/02/20 19:04:26,成功,九九式艦爆,艦上爆撃機,20,60,10,100,翔鶴改二甲(Lv.122),115
2017/02/20 19:04:17,成功,瑞雲,水上爆撃機,20,60,10,100,翔鶴改二甲(Lv.122),115
2017/02/20 19:04:08,失敗,三式弾,対空強化弾,20,60,10,100,翔鶴改二甲(Lv.122),115
2017/02/20 19:03:58,失敗,彩雲,艦上偵察機,20,60,10,100,翔鶴改二甲(Lv.122),115
2017/02/20 19:03:49,成功,九九式艦爆,艦上爆撃機,20,60,10,100,翔鶴改二甲(Lv.122),115
2017/02/20 19:03:36,成功,九九式艦爆,艦上爆撃機,20,60,10,100,翔鶴改二甲(Lv.122),115
2017/02/20 19:03:27,成功,零式水上偵察機,水上偵察機,20,60,10,100,翔鶴改二甲(Lv.122),115
2017/02/20 14:21:53,成功,25mm単装機銃,対空機銃,10,20,50,10,阿武隈改二(Lv.120),115
2017/02/20 14:21:44,成功,ドラム缶(輸送用),簡易輸送部材,10,20,50,10,阿武隈改二(Lv.120),115
2017/02/20 14:21:31,成功,61cm四連装魚雷,魚雷,10,20,50,10,阿武隈改二(Lv.120),115
2017/02/20 14:20:43,成功,15.2cm単装砲,副砲,10,20,50,10,阿武隈改二(Lv.120),115
2017/02/19 17:23:49,成功,12.7cm連装砲,小口径主砲,10,20,50,10,阿武隈改二(Lv.120),115
2017/02/19 17:23:40,成功,61cm四連装魚雷,魚雷,10,20,50,10,阿武隈改二(Lv.120),115
2017/02/19 17:23:22,失敗,13号対空電探,小型電探,10,20,50,10,阿武隈改二(Lv.120),115
2017/02/19 17:22:02,成功,15.2cm単装砲,副砲,10,20,50,10,阿武隈改二(Lv.120),115
2017/02/17 05:02:25,成功,15.5cm三連装砲,中口径主砲,10,20,50,10,阿武隈改二(Lv.120),115
2017/02/17 05:02:11,成功,15.2cm連装砲,中口径主砲,10,20,50,10,阿武隈改二(Lv.120),115
2017/02/17 05:01:31,成功,14cm単装砲,中口径主砲,10,20,50,10,阿武隈改二(Lv.120),115
2017/02/17 05:00:30,成功,九六式艦戦,艦上戦闘機,10,20,50,10,阿武隈改二(Lv.120),115
2017/02/17 04:59:15,失敗,13号対空電探,小型電探,10,20,50,10,阿武隈改二(Lv.120),115
2017/02/17 04:59:07,成功,12.7mm単装機銃,対空機銃,10,20,50,10,阿武隈改二(Lv.120),115
2017/02/17 04:58:57,失敗,20.3cm連装砲,中口径主砲,10,20,50,10,阿武隈改二(Lv.120),115
2017/02/17 04:57:59,成功,61cm三連装魚雷,魚雷,10,20,50,10,阿武隈改二(Lv.120),115
2017/02/16 01:16:21,成功,25mm連装機銃,対空機銃,100,251,250,10,Iowa改(Lv.122),115
2017/02/16 01:16:12,成功,改良型艦本式タービン,機関部強化,100,251,250,10,Iowa改(Lv.122),115
2017/02/16 01:16:03,成功,41cm連装砲,大口径主砲,100,251,250,10,Iowa改(Lv.122),115
2017/02/16 01:15:14,成功,25mm連装機銃,対空機銃,100,251,250,10,Iowa改(Lv.122),115
2017/02/15 02:28:41,成功,彗星,艦上爆撃機,20,60,10,110,Graf Zeppelin改(Lv.77),115
2017/02/15 02:28:33,成功,九九式艦爆,艦上爆撃機,20,60,10,110,Graf Zeppelin改(Lv.77),115
2017/02/15 02:28:25,成功,天山,艦上攻撃機,20,60,10,110,Graf Zeppelin改(Lv.77),115
2017/02/15 02:27:07,成功,瑞雲,水上爆撃機,20,60,10,110,Graf Zeppelin改(Lv.77),115
2017/02/15 02:26:01,成功,瑞雲,水上爆撃機,20,60,10,110,Graf Zeppelin改(Lv.77),115
2017/02/12 02:35:29,成功,15.2cm連装砲,中口径主砲,10,20,50,10,阿武隈改二(Lv.118),115
2017/02/12 02:35:20,成功,15.2cm単装砲,副砲,10,20,50,10,阿武隈改二(Lv.118),115
2017/02/12 02:35:12,成功,12cm単装砲,小口径主砲,10,20,50,10,阿武隈改二(Lv.118),115
2017/02/12 02:35:01,失敗,13号対空電探,小型電探,10,20,50,10,阿武隈改二(Lv.118),115
2017/02/12 02:34:53,成功,10cm連装高角砲,小口径主砲,10,20,50,10,阿武隈改二(Lv.118),115
2017/02/12 02:34:44,成功,12.7cm連装砲,小口径主砲,10,20,50,10,阿武隈改二(Lv.118),115
2017/02/12 02:34:35,失敗,零式艦戦21型,艦上戦闘機,10,20,50,10,阿武隈改二(Lv.118),115
2017/02/12 02:34:13,失敗,61cm四連装(酸素)魚雷,魚雷,10,20,50,10,阿武隈改二(Lv.118),115
2017/02/12 02:34:05,成功,10cm連装高角砲,小口径主砲,10,20,50,10,阿武隈改二(Lv.118),115
2017/02/12 02:33:56,成功,12cm単装砲,小口径主砲,10,20,50,10,阿武隈改二(Lv.118),115
2017/02/12 02:33:47,成功,15.2cm単装砲,副砲,10,20,50,10,阿武隈改二(Lv.118),115
2017/02/12 02:33:38,成功,15.5cm三連装砲,中口径主砲,10,20,50,10,阿武隈改二(Lv.118),115
2017/02/12 02:33:00,成功,ドラム缶(輸送用),簡易輸送部材,10,20,50,10,阿武隈改二(Lv.118),115
2017/02/12 02:32:47,失敗,13号対空電探,小型電探,10,20,50,10,阿武隈改二(Lv.118),115
2017/02/12 02:32:26,失敗,33号対水上電探,小型電探,10,20,50,10,阿武隈改二(Lv.118),115
2017/02/12 02:32:16,失敗,22号対水上電探,小型電探,10,20,50,10,阿武隈改二(Lv.118),115
2017/02/12 02:32:07,失敗,13号対空電探,小型電探,10,20,50,10,阿武隈改二(Lv.118),115
2017/02/12 02:31:59,成功,14cm単装砲,中口径主砲,10,20,50,10,阿武隈改二(Lv.118),115
2017/02/12 02:31:50,成功,12.7cm連装砲,小口径主砲,10,20,50,10,阿武隈改二(Lv.118),115
2017/02/12 02:31:42,成功,25mm連装機銃,対空機銃,10,20,50,10,阿武隈改二(Lv.118),115
2017/02/12 02:31:33,成功,15.5cm三連装副砲,副砲,10,20,50,10,阿武隈改二(Lv.118),115
2017/02/12 02:30:39,成功,8cm高角砲,副砲,10,20,50,10,阿武隈改二(Lv.118),115
2017/02/11 04:37:41,失敗,改良型艦本式タービン,機関部強化,10,20,50,10,阿武隈改二(Lv.118),115
2017/02/11 04:37:29,成功,ドラム缶(輸送用),簡易輸送部材,10,20,50,10,阿武隈改二(Lv.118),115
2017/02/11 04:37:18,失敗,九七式艦攻,艦上攻撃機,10,20,50,10,阿武隈改二(Lv.118),115
2017/02/11 04:37:01,失敗,20.3cm連装砲,中口径主砲,10,20,50,10,阿武隈改二(Lv.118),115
2017/02/11 04:36:48,成功,14cm単装砲,中口径主砲,10,20,50,10,阿武隈改二(Lv.118),115
2017/02/11 04:36:32,失敗,改良型艦本式タービン,機関部強化,10,20,50,10,阿武隈改二(Lv.118),115
2017/02/11 04:36:23,失敗,零式水上偵察機,水上偵察機,10,20,50,10,阿武隈改二(Lv.118),115
2017/02/11 04:36:14,成功,14cm単装砲,中口径主砲,10,20,50,10,阿武隈改二(Lv.118),115
2017/02/11 04:34:32,成功,15.2cm単装砲,副砲,10,20,50,10,阿武隈改二(Lv.118),115
2017/02/11 04:33:52,成功,15.2cm単装砲,副砲,10,20,50,10,阿武隈改二(Lv.118),115
2017/02/11 04:33:43,成功,15.2cm単装砲,副砲,10,20,50,10,阿武隈改二(Lv.118),115
2017/02/11 04:28:59,失敗,零式艦戦21型,艦上戦闘機,10,20,50,10,阿武隈改二(Lv.118),115
2017/02/11 04:28:51,成功,15.2cm単装砲,副砲,10,20,50,10,阿武隈改二(Lv.118),115
2017/02/11 04:26:46,成功,15.2cm単装砲,副砲,10,20,50,10,阿武隈改二(Lv.118),115
2017/02/11 04:23:52,成功,8cm高角砲,副砲,10,20,50,10,阿武隈改二(Lv.118),115
2017/02/10 02:42:32,成功,12.7cm連装高角砲,副砲,100,251,250,10,榛名改二(Lv.143),115
2017/02/10 02:42:23,成功,35.6cm連装砲,大口径主砲,100,251,250,10,榛名改二(Lv.143),115
2017/02/10 02:42:14,成功,15.5cm三連装砲,中口径主砲,100,251,250,10,榛名改二(Lv.143),115
2017/02/10 01:30:15,成功,彗星,艦上爆撃機,20,60,10,110,翔鶴改二甲(Lv.121),115
2017/02/07 22:14:51,成功,7.7mm機銃,対空機銃,100,10,200,10,榛名改二(Lv.142),115
2017/02/07 22:14:42,成功,12.7mm単装機銃,対空機銃,100,10,200,10,榛名改二(Lv.142),115
2017/02/07 22:14:33,失敗,15.2cm単装砲,副砲,100,10,200,10,榛名改二(Lv.142),115
2017/02/07 22:14:24,失敗,20.3cm連装砲,中口径主砲,100,10,200,10,榛名改二(Lv.142),115
2017/02/07 22:14:13,成功,増設バルジ(中型艦),追加装甲(中型),100,10,200,10,榛名改二(Lv.142),115
2017/02/07 22:14:04,成功,増設バルジ(中型艦),追加装甲(中型),100,10,200,10,榛名改二(Lv.142),115
2017/02/07 22:13:54,失敗,32号対水上電探,大型電探,100,10,200,10,榛名改二(Lv.142),115
2017/02/07 22:13:43,成功,改良型艦本式タービン,機関部強化,100,10,200,10,榛名改二(Lv.142),115
2017/02/07 22:13:35,成功,12.7mm単装機銃,対空機銃,100,10,200,10,榛名改二(Lv.142),115
2017/02/07 22:13:25,失敗,増設バルジ(大型艦),追加装甲(大型),100,10,200,10,榛名改二(Lv.142),115
2017/02/07 22:13:16,失敗,14cm単装砲,中口径主砲,100,10,200,10,榛名改二(Lv.142),115
2017/02/07 22:13:06,失敗,九一式徹甲弾,対艦強化弾,100,10,200,10,榛名改二(Lv.142),115
2017/02/07 22:12:55,失敗,21号対空電探,大型電探,100,10,200,10,榛名改二(Lv.142),115
2017/02/07 22:12:13,成功,13号対空電探,小型電探,110,110,110,110,榛名改二(Lv.142),115
2017/02/07 22:11:52,成功,12.7mm単装機銃,対空機銃,10,90,90,30,榛名改二(Lv.142),115
2017/02/07 22:11:30,成功,15.2cm単装砲,副砲,10,90,90,10,榛名改二(Lv.142),115
2017/02/07 22:10:57,成功,15.2cm単装砲,副砲,10,90,90,10,榛名改二(Lv.142),115
2017/02/07 22:10:47,成功,7.7mm機銃,対空機銃,10,90,90,10,榛名改二(Lv.142),115
2017/02/07 21:49:22,成功,15.5cm三連装副砲,副砲,10,90,90,10,榛名改二(Lv.142),115
2017/02/07 04:07:42,成功,三式弾,対空強化弾,10,90,90,30,榛名改二(Lv.142),115
2017/02/07 04:07:32,成功,7.7mm機銃,対空機銃,10,90,90,30,榛名改二(Lv.142),115
2017/02/07 04:07:18,成功,7.7mm機銃,対空機銃,10,90,90,30,榛名改二(Lv.142),115
2017/02/07 04:06:18,成功,20.3cm連装砲,中口径主砲,10,90,90,30,榛名改二(Lv.142),115
2017/02/06 02:11:53,成功,零式艦戦21型,艦上戦闘機,20,60,10,110,翔鶴改二甲(Lv.121),115
2017/02/06 02:11:45,成功,流星改,艦上攻撃機,20,60,10,110,翔鶴改二甲(Lv.121),115
2017/02/06 02:11:36,成功,流星,艦上攻撃機,20,60,10,110,翔鶴改二甲(Lv.121),115
2017/02/06 02:11:27,成功,九九式艦爆,艦上爆撃機,20,60,10,110,翔鶴改二甲(Lv.121),115
2017/02/06 01:57:00,成功,九七式艦攻,艦上攻撃機,20,60,10,110,翔鶴改二甲(Lv.121),115
2017/02/05 03:48:00,成功,彩雲,艦上偵察機,20,60,10,110,翔鶴改二甲(Lv.121),115
2017/02/05 03:47:51,失敗,二式艦上偵察機,艦上偵察機,20,60,10,110,翔鶴改二甲(Lv.121),115
2017/02/05 03:47:42,成功,零式艦戦52型,艦上戦闘機,20,60,10,110,翔鶴改二甲(Lv.121),115
2017/02/05 03:46:50,成功,九九式艦爆,艦上爆撃機,20,60,10,110,翔鶴改二甲(Lv.121),115
2017/02/03 05:19:08,失敗,二式艦上偵察機,艦上偵察機,20,60,10,110,翔鶴改二甲(Lv.121),115
2017/02/03 05:18:58,失敗,三式弾,対空強化弾,20,60,10,110,翔鶴改二甲(Lv.121),115
2017/02/03 05:18:16,成功,零式水上偵察機,水上偵察機,20,60,10,110,翔鶴改二甲(Lv.121),115
2017/02/03 05:17:04,成功,零式艦戦52型,艦上戦闘機,20,60,10,110,翔鶴改二甲(Lv.121),115
2017/02/03 02:30:00,失敗,22号対水上電探,小型電探,100,251,250,10,榛名改二(Lv.142),115
2017/02/03 02:29:52,成功,12.7cm連装高角砲,副砲,100,251,250,10,榛名改二(Lv.142),115
2017/02/03 02:29:43,成功,41cm連装砲,大口径主砲,100,251,250,10,榛名改二(Lv.142),115
2017/02/03 02:29:32,成功,15.5cm三連装副砲,副砲,100,251,250,10,榛名改二(Lv.142),115
2017/02/03 02:29:23,成功,41cm連装砲,大口径主砲,100,251,250,10,榛名改二(Lv.142),115
2017/02/03 02:28:26,成功,12.7cm連装高角砲,副砲,100,251,250,10,榛名改二(Lv.142),115
2017/01/31 12:54:24,成功,7.7mm機銃,対空機銃,100,251,250,10,榛名改二(Lv.142),115
2017/01/31 12:54:14,失敗,彗星,艦上爆撃機,100,251,250,10,榛名改二(Lv.142),115
2017/01/31 12:54:06,成功,25mm連装機銃,対空機銃,100,251,250,10,榛名改二(Lv.142),115
2017/01/31 12:53:58,成功,20.3cm連装砲,中口径主砲,100,251,250,10,榛名改二(Lv.142),115
2017/01/31 12:53:49,成功,15.5cm三連装砲,中口径主砲,100,251,250,10,榛名改二(Lv.142),115
2017/01/31 12:53:39,失敗,33号対水上電探,小型電探,100,251,250,10,榛名改二(Lv.142),115
2017/01/31 12:53:31,成功,61cm三連装魚雷,魚雷,100,251,250,10,榛名改二(Lv.142),115
2017/01/31 12:53:22,成功,61cm四連装魚雷,魚雷,100,251,250,10,榛名改二(Lv.142),115
2017/01/31 12:53:14,成功,61cm三連装魚雷,魚雷,100,251,250,10,榛名改二(Lv.142),115
2017/01/31 12:52:50,成功,20.3cm連装砲,中口径主砲,100,251,250,10,榛名改二(Lv.142),115
2017/01/31 12:52:40,成功,20.3cm連装砲,中口径主砲,100,251,250,10,榛名改二(Lv.142),115
2017/01/31 12:52:30,失敗,九九式艦爆,艦上爆撃機,100,251,250,10,榛名改二(Lv.142),115
2017/01/31 12:52:20,成功,46cm三連装砲,大口径主砲,200,251,250,10,榛名改二(Lv.142),115
2017/01/31 12:51:26,失敗,三式弾,対空強化弾,100,251,250,10,榛名改二(Lv.142),115
2017/01/29 22:49:46,成功,12.7mm単装機銃,対空機銃,100,251,250,10,呂500(Lv.153),115
2017/01/29 22:49:37,成功,12.7cm連装砲,小口径主砲,100,251,250,10,呂500(Lv.153),115
2017/01/29 22:49:26,成功,14cm単装砲,中口径主砲,100,251,250,10,呂500(Lv.153),115
2017/01/29 22:48:30,失敗,九七式艦攻,艦上攻撃機,100,251,250,10,呂500(Lv.153),115
2017/01/28 12:42:58,成功,25mm単装機銃,対空機銃,100,251,250,10,榛名改二(Lv.142),115
2017/01/28 12:42:50,成功,41cm連装砲,大口径主砲,100,251,250,10,榛名改二(Lv.142),115
2017/01/28 12:42:38,成功,20.3cm連装砲,中口径主砲,100,251,250,10,榛名改二(Lv.142),115
2017/01/28 12:41:34,成功,35.6cm連装砲,大口径主砲,100,251,250,10,榛名改二(Lv.142),115
2017/01/28 12:41:25,成功,25mm単装機銃,対空機銃,100,251,250,10,榛名改二(Lv.142),115
2017/01/28 02:42:55,成功,61cm三連装魚雷,魚雷,100,251,250,10,榛名改二(Lv.142),115
2017/01/28 02:42:47,成功,14cm単装砲,中口径主砲,100,251,250,10,榛名改二(Lv.142),115
2017/01/28 02:39:45,成功,41cm連装砲,大口径主砲,100,251,250,10,榛名改二(Lv.142),115
2017/01/28 02:33:25,失敗,天山,艦上攻撃機,100,251,250,10,榛名改二(Lv.142),115
2017/01/27 02:52:25,成功,25mm三連装機銃,対空機銃,100,251,250,10,榛名改二(Lv.142),115
2017/01/27 02:52:17,成功,20.3cm連装砲,中口径主砲,100,251,250,10,榛名改二(Lv.142),115
2017/01/27 02:52:08,成功,12.7mm単装機銃,対空機銃,100,251,250,10,榛名改二(Lv.142),115
2017/01/27 02:52:00,成功,25mm三連装機銃,対空機銃,100,251,250,10,榛名改二(Lv.142),115
2017/01/27 02:51:51,成功,35.6cm連装砲,大口径主砲,100,251,250,10,榛名改二(Lv.142),115
2017/01/27 02:50:54,成功,甲標的,特殊潜航艇,100,251,250,10,榛名改二(Lv.142),115
2017/01/26 04:59:04,成功,15.2cm単装砲,副砲,100,251,250,10,榛名改二(Lv.141),115
2017/01/25 01:40:20,成功,九一式徹甲弾,対艦強化弾,100,251,250,10,榛名改二(Lv.141),115
2017/01/25 01:40:10,失敗,九九式艦爆,艦上爆撃機,100,251,250,10,榛名改二(Lv.141),115
2017/01/25 01:39:49,成功,25mm連装機銃,対空機銃,100,251,250,10,榛名改二(Lv.141),115
2017/01/25 01:38:56,成功,41cm連装砲,大口径主砲,100,251,250,10,榛名改二(Lv.141),115
2017/01/24 02:48:48,成功,15.5cm三連装砲,中口径主砲,100,251,250,10,榛名改二(Lv.141),115
2017/01/24 02:48:39,成功,15.5cm三連装副砲,副砲,100,251,250,10,榛名改二(Lv.141),115
2017/01/24 02:48:30,成功,35.6cm連装砲,大口径主砲,100,251,250,10,榛名改二(Lv.141),115
2017/01/24 02:47:00,成功,20.3cm連装砲,中口径主砲,100,251,250,10,榛名改二(Lv.141),115
2017/01/17 00:01:15,成功,12cm単装砲,小口径主砲,100,10,200,10,榛名改二(Lv.141),115
2017/01/17 00:01:01,成功,12cm単装砲,小口径主砲,200,10,200,10,榛名改二(Lv.141),115
2017/01/16 23:59:16,失敗,61cm四連装魚雷,魚雷,100,10,200,10,榛名改二(Lv.141),115
2017/01/16 23:59:03,成功,7.7mm機銃,対空機銃,100,10,200,10,榛名改二(Lv.141),115
2017/01/16 23:58:51,失敗,25mm三連装機銃,対空機銃,100,10,200,10,榛名改二(Lv.141),115
2017/01/16 23:57:45,失敗,25mm連装機銃,対空機銃,100,10,200,10,榛名改二(Lv.141),115
2017/01/11 22:27:25,失敗,15.2cm単装砲,副砲,100,10,200,10,榛名改二(Lv.141),115
2017/01/11 22:27:16,成功,12.7mm単装機銃,対空機銃,100,10,200,10,榛名改二(Lv.141),115
2017/01/11 22:27:03,失敗,14cm単装砲,中口径主砲,100,10,200,10,榛名改二(Lv.141),115
2017/01/11 22:26:53,失敗,三式弾,対空強化弾,100,10,200,10,榛名改二(Lv.141),115
2017/01/11 22:25:25,失敗,12.7cm連装高角砲,副砲,100,10,200,10,榛名改二(Lv.141),115
2017/01/11 22:25:13,失敗,三式弾,対空強化弾,100,10,200,10,榛名改二(Lv.141),115
2017/01/08 16:57:50,失敗,25mm三連装機銃,対空機銃,10,10,300,10,榛名改二(Lv.141),115
2017/01/08 16:57:40,失敗,15.2cm単装砲,副砲,10,10,300,10,榛名改二(Lv.141),115
2017/01/08 16:57:30,失敗,20.3cm連装砲,中口径主砲,10,10,300,10,榛名改二(Lv.141),115
2017/01/08 16:56:19,失敗,21号対空電探,大型電探,10,10,300,10,榛名改二(Lv.141),115
2017/01/07 14:02:05,失敗,零式水上偵察機,水上偵察機,10,10,300,10,榛名改二(Lv.141),115
2017/01/07 14:01:57,成功,12.7mm単装機銃,対空機銃,10,10,300,10,榛名改二(Lv.141),115
2017/01/07 14:01:31,成功,12cm単装砲,小口径主砲,10,10,300,10,榛名改二(Lv.141),115
2017/01/07 13:57:21,失敗,15.2cm単装砲,副砲,10,10,300,10,榛名改二(Lv.141),115
2017/01/06 13:47:36,成功,13号対空電探,小型電探,10,10,300,250,榛名改二(Lv.141),115
2017/01/06 13:47:26,失敗,強化型艦本式缶,機関部強化,10,10,300,250,榛名改二(Lv.141),115
2017/01/06 13:47:16,失敗,12.7cm連装高角砲,副砲,10,10,300,250,榛名改二(Lv.141),115
2017/01/06 13:44:14,成功,21号対空電探,大型電探,10,10,300,250,榛名改二(Lv.141),115
2017/01/01 18:18:11,失敗,15.5cm三連装副砲,副砲,10,10,300,250,榛名改二(Lv.141),115
2017/01/01 18:18:00,失敗,三式弾,対空強化弾,10,10,300,250,榛名改二(Lv.141),115
2017/01/01 18:17:39,失敗,九一式徹甲弾,対艦強化弾,10,10,300,250,榛名改二(Lv.141),115
2017/01/01 18:14:02,失敗,改良型艦本式タービン,機関部強化,10,10,300,250,榛名改二(Lv.141),115
2016/12/30 14:10:21,成功,7.7mm機銃,対空機銃,10,11,300,250,榛名改二(Lv.141),115
2016/12/30 14:10:12,成功,7.7mm機銃,対空機銃,10,11,300,250,榛名改二(Lv.141),115
2016/12/30 14:10:03,成功,7.7mm機銃,対空機銃,10,11,300,250,榛名改二(Lv.141),115
2016/12/30 14:08:43,失敗,15.2cm単装砲,副砲,10,11,300,250,榛名改二(Lv.141),115
2016/12/29 14:54:06,失敗,25mm連装機銃,対空機銃,10,11,300,250,榛名改二(Lv.141),115
2016/12/29 14:50:54,成功,7.7mm機銃,対空機銃,10,10,300,10,榛名改二(Lv.141),115
2016/12/29 14:50:37,成功,12.7cm連装砲,小口径主砲,10,10,300,10,榛名改二(Lv.141),115
2016/12/29 14:50:19,失敗,25mm連装機銃,対空機銃,10,10,300,10,榛名改二(Lv.141),115
2016/12/29 14:50:9,失敗,13号対空電探,小型電探,10,10,300,10,榛名改二(Lv.141),115
2016/12/29 14:49:59,成功,12.7mm単装機銃,対空機銃,10,10,300,10,榛名改二(Lv.141),115
2016/12/29 14:49:44,失敗,改良型艦本式タービン,機関部強化,10,10,300,10,榛名改二(Lv.141),115
2016/12/29 14:49:17,成功,10cm連装高角砲,小口径主砲,10,10,300,10,榛名改二(Lv.141),115
2016/12/29 14:23:30,失敗,九一式徹甲弾,対艦強化弾,10,10,300,10,榛名改二(Lv.141),115
2016/12/28 19:34:54,成功,25mm連装機銃,対空機銃,10,251,250,10,榛名改二(Lv.141),115
2016/12/28 19:34:45,成功,12.7cm連装高角砲,副砲,10,251,250,10,榛名改二(Lv.141),115
2016/12/28 19:34:35,成功,14cm単装砲,中口径主砲,10,251,250,10,榛名改二(Lv.141),115
2016/12/28 19:33:35,成功,14cm単装砲,中口径主砲,10,251,250,10,榛名改二(Lv.141),115
2016/12/28 19:33:25,失敗,強化型艦本式缶,機関部強化,10,251,250,10,榛名改二(Lv.141),115
2016/12/26 22:51:23,成功,15.2cm単装砲,副砲,10,251,250,10,榛名改二(Lv.141),115
2016/12/26 22:51:9,成功,41cm連装砲,大口径主砲,10,251,250,10,榛名改二(Lv.141),115
2016/12/26 22:50:40,失敗,三式弾,対空強化弾,20,60,10,110,翔鶴改二甲(Lv.119),115
2016/12/26 22:49:51,成功,彗星,艦上爆撃機,20,60,10,110,翔鶴改二甲(Lv.119),115
2016/12/25 17:35:31,成功,15.5cm三連装副砲,副砲,10,251,250,10,金剛改二(Lv.140),115
2016/12/25 17:35:23,成功,35.6cm連装砲,大口径主砲,10,251,250,10,金剛改二(Lv.140),115
2016/12/25 17:35:14,成功,41cm連装砲,大口径主砲,10,251,250,10,金剛改二(Lv.140),115
2016/12/25 17:32:52,成功,61cm四連装魚雷,魚雷,10,251,250,10,金剛改二(Lv.140),115
2016/12/23 11:56:00,成功,烈風,艦上戦闘機,20,60,10,100,翔鶴改二甲(Lv.119),114
2016/12/23 11:55:51,成功,零式水上偵察機,水上偵察機,20,60,10,100,翔鶴改二甲(Lv.119),114
2016/12/23 11:55:25,成功,零式艦戦21型,艦上戦闘機,20,60,10,100,翔鶴改二甲(Lv.119),114
2016/12/23 11:54:07,成功,彩雲,艦上偵察機,20,60,10,110,翔鶴改二甲(Lv.119),114
2016/12/21 22:40:29,成功,零式艦戦52型,艦上戦闘機,20,60,10,110,翔鶴改二甲(Lv.119),114
2016/12/21 22:40:9,成功,瑞雲,水上爆撃機,20,60,10,110,翔鶴改二甲(Lv.119),114
2016/12/21 22:39:59,成功,紫電改二,艦上戦闘機,20,60,10,110,翔鶴改二甲(Lv.119),114
2016/12/21 22:38:41,成功,零式水上偵察機,水上偵察機,20,60,10,110,翔鶴改二甲(Lv.119),114
2016/12/19 22:24:18,失敗,三式弾,対空強化弾,20,60,10,110,翔鶴改二甲(Lv.119),114
2016/12/19 22:23:58,成功,零式艦戦32型,艦上戦闘機,20,60,10,110,翔鶴改二甲(Lv.119),114
2016/12/19 22:23:48,成功,彗星,艦上爆撃機,20,60,10,110,翔鶴改二甲(Lv.119),114
2016/12/19 22:22:23,成功,九九式艦爆,艦上爆撃機,20,60,10,110,翔鶴改二甲(Lv.119),114
2016/12/18 19:51:54,成功,瑞雲,水上爆撃機,20,60,10,110,翔鶴改二甲(Lv.119),114
2016/12/18 17:44:22,成功,彩雲,艦上偵察機,20,60,10,110,翔鶴改二甲(Lv.119),114
2016/12/18 17:43:30,成功,天山,艦上攻撃機,20,60,10,110,翔鶴改二甲(Lv.119),114
2016/12/18 17:41:54,成功,瑞雲,水上爆撃機,20,60,10,110,翔鶴改二甲(Lv.119),114
2016/12/17 14:15:10,成功,零式艦戦52型,艦上戦闘機,20,60,10,110,翔鶴改二甲(Lv.119),114
2016/12/17 14:15:00,失敗,三式弾,対空強化弾,20,60,10,110,翔鶴改二甲(Lv.119),114
2016/12/17 14:14:51,成功,九九式艦爆,艦上爆撃機,20,60,10,110,翔鶴改二甲(Lv.119),114
2016/12/17 14:14:01,成功,彩雲,艦上偵察機,20,60,10,110,翔鶴改二甲(Lv.119),114
2016/12/16 16:44:35,成功,天山,艦上攻撃機,20,60,10,110,翔鶴改二甲(Lv.119),114
2016/12/16 16:44:17,成功,零式水上偵察機,水上偵察機,20,60,10,110,翔鶴改二甲(Lv.119),114
2016/12/16 16:44:07,成功,零式水上偵察機,水上偵察機,20,60,10,110,翔鶴改二甲(Lv.119),114
2016/12/16 16:42:49,成功,彩雲,艦上偵察機,20,60,10,110,翔鶴改二甲(Lv.119),114
2016/12/15 17:45:44,成功,九七式艦攻,艦上攻撃機,20,60,10,110,翔鶴改二甲(Lv.119),114
2016/12/15 17:44:42,成功,零式水上偵察機,水上偵察機,20,60,10,110,翔鶴改二甲(Lv.119),114
2016/12/15 17:44:32,成功,零式艦戦21型,艦上戦闘機,20,60,10,110,翔鶴改二甲(Lv.119),114
2016/12/15 17:44:24,成功,九七式艦攻,艦上攻撃機,20,60,10,110,翔鶴改二甲(Lv.119),114
2016/12/15 17:43:30,成功,烈風,艦上戦闘機,20,60,10,110,翔鶴改二甲(Lv.119),114
2016/12/15 17:43:21,成功,零式艦戦21型,艦上戦闘機,20,60,10,110,翔鶴改二甲(Lv.119),114
2016/12/14 13:55:05,成功,天山,艦上攻撃機,20,60,10,110,翔鶴改二甲(Lv.119),114
2016/12/14 13:54:50,成功,九六式艦戦,艦上戦闘機,20,60,10,110,翔鶴改二甲(Lv.119),114
2016/12/14 13:54:30,成功,零式艦戦52型,艦上戦闘機,20,60,10,110,翔鶴改二甲(Lv.119),114
2016/12/14 13:52:52,成功,瑞雲,水上爆撃機,20,60,10,110,翔鶴改二甲(Lv.119),114
2016/12/13 16:24:25,成功,零式艦戦52型,艦上戦闘機,20,60,10,110,翔鶴改二甲(Lv.119),114
2016/12/13 16:22:33,失敗,二式艦上偵察機,艦上偵察機,20,60,10,110,翔鶴改二甲(Lv.119),114
2016/12/13 16:22:24,成功,天山,艦上攻撃機,20,60,10,110,翔鶴改二甲(Lv.119),114
2016/12/13 16:22:15,成功,流星,艦上攻撃機,20,60,10,110,翔鶴改二甲(Lv.119),114
2016/12/13 16:01:51,成功,零式水上偵察機,水上偵察機,20,60,10,110,翔鶴改二甲(Lv.119),114
2016/12/12 23:22:58,成功,零式艦戦52型,艦上戦闘機,20,60,10,110,翔鶴改二甲(Lv.119),114
2016/12/12 23:22:48,成功,烈風,艦上戦闘機,20,60,10,110,翔鶴改二甲(Lv.119),114
2016/12/12 23:22:38,成功,彗星,艦上爆撃機,20,60,10,110,翔鶴改二甲(Lv.119),114
2016/12/12 23:18:13,成功,九九式艦爆,艦上爆撃機,20,60,10,110,翔鶴改二甲(Lv.119),114
2016/12/11 23:58:33,成功,九九式艦爆,艦上爆撃機,20,60,10,110,翔鶴改二甲(Lv.119),114
2016/12/11 23:58:23,成功,零式艦戦21型,艦上戦闘機,20,60,10,110,翔鶴改二甲(Lv.119),114
2016/12/11 23:57:57,成功,流星改,艦上攻撃機,20,60,10,110,翔鶴改二甲(Lv.119),114
2016/12/11 23:57:48,成功,九九式艦爆,艦上爆撃機,20,60,10,110,翔鶴改二甲(Lv.119),114
2016/12/11 23:56:04,成功,零式艦戦52型,艦上戦闘機,20,60,10,110,翔鶴改二甲(Lv.119),114
2016/12/11 23:55:54,成功,瑞雲,水上爆撃機,20,60,10,110,翔鶴改二甲(Lv.119),114
2016/12/11 23:55:01,成功,零式艦戦21型,艦上戦闘機,20,60,10,110,翔鶴改二甲(Lv.119),114
2016/12/11 00:42:38,成功,瑞雲,水上爆撃機,20,60,10,110,翔鶴改二甲(Lv.119),114
2016/12/11 00:42:28,成功,零式艦戦52型,艦上戦闘機,20,60,10,110,翔鶴改二甲(Lv.119),114
2016/12/11 00:28:21,成功,零式艦戦62型(爆戦),艦上爆撃機,20,60,10,110,翔鶴改二甲(Lv.119),114
2016/12/11 00:28:12,成功,彗星,艦上爆撃機,20,60,10,110,翔鶴改二甲(Lv.119),114
2016/12/11 00:28:02,成功,彗星,艦上爆撃機,20,60,10,110,翔鶴改二甲(Lv.119),114
2016/12/11 00:27:54,成功,紫電改二,艦上戦闘機,20,60,10,110,翔鶴改二甲(Lv.119),114
2016/12/11 00:26:48,成功,九九式艦爆,艦上爆撃機,20,60,10,110,翔鶴改二甲(Lv.119),114
2016/12/9 21:36:36,成功,瑞雲,水上爆撃機,20,60,10,110,翔鶴改二甲(Lv.119),114
2016/12/9 21:36:28,成功,瑞雲,水上爆撃機,20,60,10,110,翔鶴改二甲(Lv.119),114
2016/12/9 21:36:11,失敗,三式弾,対空強化弾,20,60,10,110,翔鶴改二甲(Lv.119),114
2016/12/9 21:36:01,失敗,三式弾,対空強化弾,20,60,10,110,翔鶴改二甲(Lv.119),114
2016/12/9 21:35:52,成功,零式艦戦52型,艦上戦闘機,20,60,10,110,翔鶴改二甲(Lv.119),114
2016/12/9 21:35:42,成功,彗星,艦上爆撃機,20,60,10,110,翔鶴改二甲(Lv.119),114
2016/12/9 21:35:34,成功,零式艦戦21型,艦上戦闘機,20,60,10,110,翔鶴改二甲(Lv.119),114
2016/12/9 21:35:24,失敗,二式艦上偵察機,艦上偵察機,20,60,10,110,翔鶴改二甲(Lv.119),114
2016/12/9 21:32:57,成功,彗星,艦上爆撃機,20,60,10,110,翔鶴改二甲(Lv.119),114
2016/12/08 12:54:16,成功,甲標的,特殊潜航艇,10,251,250,10,榛名改二(Lv.140),114
2016/12/08 12:51:20,失敗,22号対水上電探,小型電探,10,251,250,10,榛名改二(Lv.140),114
2016/12/08 12:38:27,失敗,33号対水上電探,小型電探,10,251,250,10,榛名改二(Lv.140),114
2016/12/08 12:23:15,成功,46cm三連装砲,大口径主砲,10,251,250,10,榛名改二(Lv.140),114
2016/12/08 12:23:05,成功,35.6cm連装砲,大口径主砲,10,251,250,10,榛名改二(Lv.140),114
2016/11/30 18:12:33,成功,12.7cm連装高角砲,副砲,10,251,250,10,榛名改二(Lv.139),114
2016/11/30 18:12:24,失敗,彗星,艦上爆撃機,10,251,250,10,榛名改二(Lv.139),114
2016/11/30 18:08:42,成功,61cm三連装魚雷,魚雷,10,251,250,10,榛名改二(Lv.139),114
2016/11/30 18:07:45,成功,15.2cm単装砲,副砲,10,251,250,10,榛名改二(Lv.139),114
2016/11/30 00:03:06,成功,15.2cm単装砲,副砲,10,251,250,10,金剛改二(Lv.139),114
2016/11/30 00:02:57,成功,35.6cm連装砲,大口径主砲,10,251,250,10,金剛改二(Lv.139),114
2016/11/29 23:54:36,成功,25mm連装機銃,対空機銃,10,251,250,10,金剛改二(Lv.139),114
2016/11/29 23:53:10,成功,12.7mm単装機銃,対空機銃,10,251,250,10,金剛改二(Lv.139),114
2016/11/27 19:21:47,成功,15.5cm三連装砲,中口径主砲,10,251,250,10,金剛改二(Lv.139),114
2016/11/27 19:21:37,失敗,改良型艦本式タービン,機関部強化,10,251,250,10,金剛改二(Lv.139),114
2016/11/27 19:21:25,成功,甲標的,特殊潜航艇,10,251,250,10,金剛改二(Lv.139),114
2016/11/27 19:20:28,成功,61cm四連装魚雷,魚雷,10,251,250,10,金剛改二(Lv.139),114
2016/11/26 22:25:20,成功,41cm連装砲,大口径主砲,10,251,250,10,霧島改二(Lv.138),114
2016/11/26 22:25:9,失敗,三式弾,対空強化弾,10,251,250,10,霧島改二(Lv.138),114
2016/11/26 22:25:00,成功,61cm四連装魚雷,魚雷,10,251,250,10,霧島改二(Lv.138),114
2016/11/26 22:24:23,成功,61cm四連装魚雷,魚雷,10,251,250,10,霧島改二(Lv.138),114
2016/11/26 22:23:32,成功,61cm三連装魚雷,魚雷,10,251,250,10,霧島改二(Lv.138),114
2016/11/26 22:23:00,成功,61cm三連装魚雷,魚雷,10,251,250,10,霧島改二(Lv.138),114
2016/11/25 17:57:21,失敗,三式弾,対空強化弾,10,251,250,10,金剛改二(Lv.139),114
2016/11/25 17:57:12,成功,20.3cm連装砲,中口径主砲,10,251,250,10,金剛改二(Lv.139),114
2016/11/25 17:57:00,成功,14cm単装砲,中口径主砲,10,251,250,10,金剛改二(Lv.139),114
2016/11/25 17:56:18,成功,61cm三連装魚雷,魚雷,10,251,250,10,金剛改二(Lv.139),114
2016/11/20 11:41:20,成功,15.5cm三連装砲,中口径主砲,10,251,250,10,榛名改二(Lv.139),114
2016/11/20 11:41:10,失敗,九七式艦攻,艦上攻撃機,10,251,250,10,榛名改二(Lv.139),114
2016/11/20 11:41:00,失敗,九九式艦爆,艦上爆撃機,10,251,250,10,榛名改二(Lv.139),114
2016/11/20 11:38:04,失敗,三式弾,対空強化弾,10,251,250,10,榛名改二(Lv.139),114
2016/11/20 11:37:48,失敗,三式弾,対空強化弾,10,251,250,10,榛名改二(Lv.139),114
2016/11/19 20:02:14,成功,12.7mm単装機銃,対空機銃,10,251,250,10,榛名改二(Lv.139),114
2016/11/19 19:57:45,成功,61cm三連装魚雷,魚雷,10,251,250,10,榛名改二(Lv.139),114
2016/11/19 19:56:42,成功,25mm連装機銃,対空機銃,10,251,250,10,榛名改二(Lv.139),114
2016/11/19 19:53:07,成功,12.7cm連装高角砲,副砲,10,251,250,10,榛名改二(Lv.139),114
2016/11/17 15:39:28,成功,46cm三連装砲,大口径主砲,10,251,250,10,榛名改二(Lv.139),114
2016/11/17 15:39:19,成功,20.3cm連装砲,中口径主砲,10,251,250,10,榛名改二(Lv.139),114
2016/11/17 15:39:11,成功,7.7mm機銃,対空機銃,10,251,250,10,榛名改二(Lv.139),114
2016/11/17 15:37:40,失敗,33号対水上電探,小型電探,10,251,250,10,榛名改二(Lv.139),114
2016/11/16 14:42:23,成功,12.7cm連装高角砲,副砲,10,251,250,10,榛名改二(Lv.139),114
2016/11/16 14:42:14,成功,12.7cm連装高角砲,副砲,10,251,250,10,榛名改二(Lv.139),114
2016/11/16 14:42:05,成功,15.5cm三連装砲,中口径主砲,10,251,250,10,榛名改二(Lv.139),114
2016/11/16 14:41:56,成功,35.6cm連装砲,大口径主砲,10,251,250,10,榛名改二(Lv.139),114
2016/11/16 14:40:49,失敗,三式弾,対空強化弾,10,251,250,10,榛名改二(Lv.139),114
2016/11/15 19:06:31,成功,25mm連装機銃,対空機銃,10,251,250,10,榛名改二(Lv.139),114
2016/11/15 19:06:23,成功,15.5cm三連装副砲,副砲,10,251,250,10,榛名改二(Lv.139),114
2016/11/15 19:06:13,失敗,改良型艦本式タービン,機関部強化,10,251,250,10,榛名改二(Lv.139),114
2016/11/15 19:05:19,成功,25mm三連装機銃,対空機銃,10,251,250,10,榛名改二(Lv.139),114
2016/11/14 21:16:19,成功,46cm三連装砲,大口径主砲,10,251,250,10,榛名改二(Lv.139),114
2016/11/14 21:16:06,失敗,22号対水上電探,小型電探,10,251,250,10,榛名改二(Lv.139),114
2016/11/14 21:15:48,成功,25mm単装機銃,対空機銃,10,251,250,10,榛名改二(Lv.139),114
2016/11/14 20:37:34,成功,35.6cm連装砲,大口径主砲,10,251,250,10,榛名改二(Lv.139),114
2016/11/13 23:57:43,成功,甲標的,特殊潜航艇,10,251,250,10,榛名改二(Lv.139),114
2016/11/13 23:57:33,成功,25mm単装機銃,対空機銃,10,251,250,10,榛名改二(Lv.139),114
2016/11/13 23:57:25,成功,35.6cm連装砲,大口径主砲,10,251,250,10,榛名改二(Lv.139),114
2016/11/13 23:55:32,成功,41cm連装砲,大口径主砲,10,251,250,10,榛名改二(Lv.139),114
2016/11/12 13:45:39,失敗,33号対水上電探,小型電探,10,251,250,10,榛名改二(Lv.139),114
2016/11/12 13:45:29,成功,15.5cm三連装副砲,副砲,10,251,250,10,榛名改二(Lv.139),114
2016/11/12 13:45:19,成功,25mm連装機銃,対空機銃,10,251,250,10,榛名改二(Lv.139),114
2016/11/12 13:43:40,成功,61cm四連装魚雷,魚雷,10,251,250,10,榛名改二(Lv.139),114
2016/11/11 20:17:04,失敗,改良型艦本式タービン,機関部強化,10,251,250,10,榛名改二(Lv.138),114
2016/11/11 20:16:46,成功,41cm連装砲,大口径主砲,10,251,250,10,榛名改二(Lv.138),114
2016/11/11 20:16:37,成功,25mm連装機銃,対空機銃,10,251,250,10,榛名改二(Lv.138),114
2016/11/11 20:07:54,成功,15.5cm三連装副砲,副砲,10,251,250,10,榛名改二(Lv.138),114
2016/11/10 10:22:26,成功,25mm連装機銃,対空機銃,10,251,250,10,榛名改二(Lv.138),114
2016/11/10 10:22:18,成功,41cm連装砲,大口径主砲,10,251,250,10,榛名改二(Lv.138),114
2016/11/10 10:22:9,成功,35.6cm連装砲,大口径主砲,10,251,250,10,榛名改二(Lv.138),114
2016/11/10 10:20:49,成功,25mm連装機銃,対空機銃,10,251,250,10,榛名改二(Lv.138),114
2016/11/9 14:46:13,失敗,三式弾,対空強化弾,10,251,250,10,榛名改二(Lv.138),114
2016/11/9 14:46:04,成功,15.2cm単装砲,副砲,10,251,250,10,榛名改二(Lv.138),114
2016/11/9 14:45:55,成功,61cm四連装魚雷,魚雷,10,251,250,10,榛名改二(Lv.138),114
2016/11/9 14:44:41,成功,61cm三連装魚雷,魚雷,10,251,250,30,榛名改二(Lv.138),114
2016/11/9 14:44:10,成功,12cm単装砲,小口径主砲,10,90,90,30,榛名改二(Lv.138),114
2016/11/06 13:46:39,成功,三式弾,対空強化弾,10,90,90,30,榛名改二(Lv.138),114
2016/11/06 13:46:31,成功,61cm三連装魚雷,魚雷,10,90,90,30,榛名改二(Lv.138),114
2016/11/06 13:46:22,成功,12.7mm単装機銃,対空機銃,10,90,90,30,榛名改二(Lv.138),114
2016/11/06 13:46:14,成功,14cm単装砲,中口径主砲,10,90,90,30,榛名改二(Lv.138),114
2016/11/06 13:46:05,成功,25mm三連装機銃,対空機銃,10,90,90,30,榛名改二(Lv.138),114
2016/11/06 13:45:57,成功,20.3cm連装砲,中口径主砲,10,90,90,30,榛名改二(Lv.138),114
2016/11/06 13:45:33,成功,61cm四連装魚雷,魚雷,10,90,90,30,榛名改二(Lv.138),114
2016/11/06 13:45:25,成功,15.5cm三連装砲,中口径主砲,10,90,90,30,榛名改二(Lv.138),114
2016/11/06 13:45:15,失敗,32号対水上電探,大型電探,10,90,90,30,榛名改二(Lv.138),114
2016/11/06 13:45:06,失敗,32号対水上電探,大型電探,10,90,90,30,榛名改二(Lv.138),114
2016/11/06 13:44:57,成功,九一式徹甲弾,対艦強化弾,10,90,90,30,榛名改二(Lv.138),114
2016/11/06 13:44:47,失敗,33号対水上電探,小型電探,10,90,90,30,榛名改二(Lv.138),114
2016/11/06 13:44:38,失敗,強化型艦本式缶,機関部強化,10,90,90,30,榛名改二(Lv.138),114
2016/11/06 13:44:28,失敗,改良型艦本式タービン,機関部強化,10,90,90,30,榛名改二(Lv.138),114
2016/11/06 13:44:18,失敗,増設バルジ(中型艦),追加装甲(中型),10,90,90,30,榛名改二(Lv.138),114
2016/11/06 13:44:9,成功,15.2cm単装砲,副砲,10,90,90,30,榛名改二(Lv.138),114
2016/11/06 13:43:38,成功,九一式徹甲弾,対艦強化弾,10,90,90,30,榛名改二(Lv.138),114
2016/11/06 13:43:28,失敗,21号対空電探,大型電探,10,90,90,30,榛名改二(Lv.138),114
2016/11/06 13:43:19,成功,61cm三連装魚雷,魚雷,10,90,90,30,榛名改二(Lv.138),114
2016/11/06 13:43:10,成功,61cm三連装魚雷,魚雷,10,90,90,30,榛名改二(Lv.138),114
2016/11/06 13:42:49,成功,14cm単装砲,中口径主砲,10,90,90,30,榛名改二(Lv.138),114
2016/11/06 13:42:24,成功,7.7mm機銃,対空機銃,10,90,90,30,榛名改二(Lv.138),114
2016/11/06 13:42:14,失敗,改良型艦本式タービン,機関部強化,10,90,90,30,榛名改二(Lv.138),114
2016/11/06 13:41:54,成功,61cm四連装魚雷,魚雷,10,90,90,30,榛名改二(Lv.138),114
2016/11/06 13:41:45,成功,25mm単装機銃,対空機銃,10,90,90,30,榛名改二(Lv.138),114
2016/11/06 13:41:36,成功,15.2cm単装砲,副砲,10,90,90,30,榛名改二(Lv.138),114
2016/11/06 13:41:27,成功,12.7mm単装機銃,対空機銃,10,90,90,30,榛名改二(Lv.138),114
2016/11/06 13:41:17,成功,61cm三連装魚雷,魚雷,10,90,90,30,榛名改二(Lv.138),114
2016/11/06 13:40:42,成功,12cm単装砲,小口径主砲,10,90,90,30,榛名改二(Lv.138),114
2016/11/06 13:40:30,成功,14cm単装砲,中口径主砲,10,90,90,30,榛名改二(Lv.138),114
2016/11/06 13:40:04,失敗,改良型艦本式タービン,機関部強化,10,90,90,30,榛名改二(Lv.138),114
2016/11/06 13:39:55,成功,14cm単装砲,中口径主砲,10,90,90,30,榛名改二(Lv.138),114
2016/11/06 13:39:46,失敗,改良型艦本式タービン,機関部強化,10,90,90,30,榛名改二(Lv.138),114
2016/11/06 13:39:20,成功,25mm三連装機銃,対空機銃,10,90,90,30,榛名改二(Lv.138),114
2016/11/06 13:39:10,成功,九一式徹甲弾,対艦強化弾,10,90,90,30,榛名改二(Lv.138),114
2016/11/06 13:39:01,成功,7.7mm機銃,対空機銃,10,90,90,30,榛名改二(Lv.138),114
2016/11/06 13:35:03,成功,14cm単装砲,中口径主砲,10,90,90,30,榛名改二(Lv.138),114
2016/11/05 22:52:12,成功,7.7mm機銃,対空機銃,10,90,90,30,榛名改二(Lv.138),114
2016/11/05 22:51:47,失敗,増設バルジ(中型艦),追加装甲(中型),10,90,90,30,榛名改二(Lv.138),114
2016/11/05 22:50:37,成功,15.2cm単装砲,副砲,10,90,90,30,榛名改二(Lv.138),114
2016/11/05 22:50:20,成功,14cm単装砲,中口径主砲,10,90,90,30,榛名改二(Lv.138),114
2016/11/05 22:45:08,成功,15.2cm単装砲,副砲,10,90,90,30,榛名改二(Lv.138),114
2016/11/03 16:11:08,成功,15.2cm単装砲,副砲,10,90,90,30,金剛改二(Lv.138),114
2016/11/03 16:10:41,成功,15.5cm三連装砲,中口径主砲,10,90,90,30,金剛改二(Lv.138),114
2016/11/03 16:10:30,成功,12.7mm単装機銃,対空機銃,10,90,90,30,金剛改二(Lv.138),114
2016/11/03 16:08:54,成功,25mm連装機銃,対空機銃,10,90,90,30,金剛改二(Lv.138),114
2016/11/02 15:12:42,成功,三式弾,対空強化弾,10,90,90,30,金剛改二(Lv.138),114
2016/11/02 15:12:21,成功,61cm四連装魚雷,魚雷,10,90,90,30,金剛改二(Lv.138),114
2016/11/02 15:12:12,成功,10cm連装高角砲,小口径主砲,10,90,90,30,金剛改二(Lv.138),114
2016/11/02 15:11:27,成功,12.7mm単装機銃,対空機銃,10,90,90,30,金剛改二(Lv.138),114
2016/11/01 22:36:25,成功,61cm三連装魚雷,魚雷,10,90,90,30,榛名改二(Lv.138),114
2016/11/01 22:36:17,成功,10cm連装高角砲,小口径主砲,10,90,90,30,榛名改二(Lv.138),114
2016/11/01 22:36:07,成功,20.3cm連装砲,中口径主砲,10,90,90,30,榛名改二(Lv.138),114
2016/11/01 22:35:02,成功,零式水上偵察機,水上偵察機,10,90,90,30,榛名改二(Lv.138),114
2016/10/31 17:28:58,成功,10cm連装高角砲,小口径主砲,10,90,90,30,金剛改二(Lv.137),114
2016/10/31 17:28:49,成功,15.5cm三連装砲,中口径主砲,10,90,90,30,金剛改二(Lv.137),114
2016/10/31 17:28:39,成功,7.7mm機銃,対空機銃,10,90,90,30,金剛改二(Lv.137),114
2016/10/31 17:27:04,失敗,強化型艦本式缶,機関部強化,10,90,90,30,金剛改二(Lv.137),114
2016/10/30 01:24:31,失敗,改良型艦本式タービン,機関部強化,10,90,90,30,金剛改二(Lv.137),114
2016/10/30 01:19:49,成功,15.5cm三連装砲,中口径主砲,10,90,90,30,金剛改二(Lv.137),114
2016/10/30 01:19:04,成功,61cm四連装魚雷,魚雷,10,90,90,30,金剛改二(Lv.137),114
2016/10/30 01:16:00,成功,15.2cm単装砲,副砲,10,90,90,30,金剛改二(Lv.137),114
2016/10/27 14:08:02,失敗,14号対空電探,大型電探,10,90,90,30,榛名改二(Lv.137),114
2016/10/27 14:03:11,成功,15.5cm三連装副砲,副砲,10,90,90,30,榛名改二(Lv.137),114
2016/10/27 14:03:01,失敗,33号対水上電探,小型電探,10,90,90,30,榛名改二(Lv.137),114
2016/10/27 14:00:42,失敗,改良型艦本式タービン,機関部強化,10,90,90,30,榛名改二(Lv.137),114
2016/10/27 00:30:12,成功,九一式徹甲弾,対艦強化弾,10,90,90,30,比叡改二(Lv.137),114
2016/10/26 00:25:39,成功,15.2cm単装砲,副砲,10,90,90,30,榛名改二(Lv.137),114
2016/10/26 00:25:29,成功,12.7mm単装機銃,対空機銃,10,90,90,30,榛名改二(Lv.137),114
2016/10/26 00:25:19,成功,15.2cm単装砲,副砲,10,90,90,30,榛名改二(Lv.137),114
2016/10/26 00:21:47,失敗,32号対水上電探,大型電探,10,90,90,30,榛名改二(Lv.137),114
2016/10/23 19:47:56,成功,14cm単装砲,中口径主砲,10,90,90,30,榛名改二(Lv.137),114
2016/10/23 19:47:46,成功,15.2cm単装砲,副砲,10,90,90,30,榛名改二(Lv.137),114
2016/10/23 19:47:37,成功,12.7cm連装高角砲,副砲,10,90,90,30,榛名改二(Lv.137),114
2016/10/23 19:47:27,失敗,改良型艦本式タービン,機関部強化,10,90,90,30,榛名改二(Lv.137),114
2016/10/23 19:46:29,失敗,14号対空電探,大型電探,10,90,90,30,榛名改二(Lv.137),114
2016/10/23 19:46:19,失敗,強化型艦本式缶,機関部強化,10,90,90,30,榛名改二(Lv.137),114
2016/10/22 22:15:23,成功,20.3cm連装砲,中口径主砲,10,90,90,30,榛名改二(Lv.137),114
2016/10/22 22:15:10,成功,20.3cm連装砲,中口径主砲,10,90,90,30,榛名改二(Lv.137),114
2016/10/22 22:14:58,成功,14cm単装砲,中口径主砲,10,90,90,30,榛名改二(Lv.137),114
2016/10/22 22:14:00,失敗,増設バルジ(大型艦),追加装甲(大型),10,90,90,30,榛名改二(Lv.137),114
2016/10/21 23:9:55,成功,12cm単装砲,小口径主砲,10,90,90,30,榛名改二(Lv.137),114
2016/10/21 23:9:46,成功,12cm単装砲,小口径主砲,10,90,90,30,榛名改二(Lv.137),114
2016/10/21 23:9:38,成功,12.7mm単装機銃,対空機銃,10,90,90,30,榛名改二(Lv.137),114
2016/10/21 23:08:20,成功,15.5cm三連装砲,中口径主砲,10,90,90,30,榛名改二(Lv.137),114
2016/10/20 15:18:05,失敗,14号対空電探,大型電探,10,90,90,30,榛名改二(Lv.137),114
2016/10/20 15:17:17,失敗,強化型艦本式缶,機関部強化,10,90,90,30,榛名改二(Lv.137),114
2016/10/20 15:17:07,成功,25mm連装機銃,対空機銃,10,90,90,30,榛名改二(Lv.137),114
2016/10/20 15:14:51,成功,7.7mm機銃,対空機銃,10,90,90,30,榛名改二(Lv.137),114
2016/10/20 15:14:42,成功,14cm単装砲,中口径主砲,10,90,90,30,榛名改二(Lv.137),114
2016/10/16 16:12:26,成功,三式弾,対空強化弾,10,90,90,30,榛名改二(Lv.137),114
2016/10/16 16:12:16,失敗,強化型艦本式缶,機関部強化,10,90,90,30,榛名改二(Lv.137),114
2016/10/16 16:12:07,成功,12.7cm連装砲,小口径主砲,10,90,90,30,榛名改二(Lv.137),114
2016/10/16 16:08:44,成功,14cm単装砲,中口径主砲,10,90,90,30,榛名改二(Lv.137),114
2016/10/13 21:11:05,成功,15.5cm三連装副砲,副砲,10,90,90,30,榛名改二(Lv.137),114
2016/10/13 21:10:57,成功,三式弾,対空強化弾,10,90,90,30,榛名改二(Lv.137),114
2016/10/13 21:10:48,成功,12.7mm単装機銃,対空機銃,10,90,90,30,榛名改二(Lv.137),114
2016/10/13 21:9:56,成功,15.2cm単装砲,副砲,10,90,90,30,榛名改二(Lv.137),114
2016/10/12 17:04:19,成功,20.3cm連装砲,中口径主砲,10,90,90,30,榛名改二(Lv.137),114
2016/10/12 17:04:08,成功,12cm単装砲,小口径主砲,10,90,90,30,榛名改二(Lv.137),114
2016/10/12 17:03:59,成功,12.7mm単装機銃,対空機銃,10,90,90,30,榛名改二(Lv.137),114
2016/10/12 17:02:45,成功,20.3cm連装砲,中口径主砲,10,90,90,30,榛名改二(Lv.137),114
2016/10/11 13:38:47,失敗,改良型艦本式タービン,機関部強化,10,90,90,30,榛名改二(Lv.137),114
2016/10/11 13:38:14,成功,12.7cm連装高角砲,副砲,10,90,90,30,榛名改二(Lv.137),114
2016/10/11 13:38:00,失敗,強化型艦本式缶,機関部強化,10,90,90,30,榛名改二(Lv.137),114
2016/10/11 13:37:9,成功,15.5cm三連装砲,中口径主砲,10,90,90,30,榛名改二(Lv.137),114
2016/10/11 13:37:00,成功,20.3cm連装砲,中口径主砲,10,90,90,30,榛名改二(Lv.137),114
2016/10/11 13:36:47,失敗,改良型艦本式タービン,機関部強化,10,90,90,30,榛名改二(Lv.137),114
2016/10/10 14:31:47,成功,三式弾,対空強化弾,10,90,90,30,榛名改二(Lv.137),114
2016/10/10 14:31:38,成功,九一式徹甲弾,対艦強化弾,10,90,90,30,榛名改二(Lv.137),114
2016/10/10 14:31:29,成功,61cm四連装魚雷,魚雷,10,90,90,30,榛名改二(Lv.137),114
2016/10/10 14:29:50,成功,15.5cm三連装副砲,副砲,10,90,90,30,榛名改二(Lv.137),114
2016/10/9 16:10:05,成功,12.7mm単装機銃,対空機銃,10,90,90,30,榛名改二(Lv.137),114
2016/10/9 16:9:55,失敗,改良型艦本式タービン,機関部強化,10,90,90,30,榛名改二(Lv.137),114
2016/10/9 16:9:37,成功,20.3cm連装砲,中口径主砲,10,90,90,30,榛名改二(Lv.137),114
2016/10/9 16:08:22,成功,15.2cm単装砲,副砲,10,90,90,30,榛名改二(Lv.137),114
2016/10/08 16:01:00,成功,14cm単装砲,中口径主砲,10,90,90,30,比叡改二(Lv.137),114
2016/10/08 16:00:50,成功,20.3cm連装砲,中口径主砲,10,90,90,30,比叡改二(Lv.137),114
2016/10/08 16:00:39,成功,15.2cm単装砲,副砲,10,90,90,30,比叡改二(Lv.137),114
2016/10/08 15:54:51,成功,14cm単装砲,中口径主砲,10,90,90,30,比叡改二(Lv.137),114
2016/10/07 14:54:21,失敗,改良型艦本式タービン,機関部強化,10,90,90,30,榛名改二(Lv.137),114
2016/10/07 14:54:12,成功,15.2cm単装砲,副砲,10,90,90,30,榛名改二(Lv.137),114
2016/10/07 14:54:02,失敗,改良型艦本式タービン,機関部強化,10,90,90,30,榛名改二(Lv.137),114
2016/10/07 14:53:21,成功,12.7mm単装機銃,対空機銃,10,90,90,30,榛名改二(Lv.137),114
2016/10/06 12:11:36,成功,25mm連装機銃,対空機銃,10,90,90,30,榛名改二(Lv.137),113
2016/10/06 12:11:26,成功,九一式徹甲弾,対艦強化弾,10,90,90,30,榛名改二(Lv.137),113
2016/10/06 12:11:16,失敗,改良型艦本式タービン,機関部強化,10,90,90,30,榛名改二(Lv.137),113
2016/10/06 12:10:19,失敗,増設バルジ(中型艦),追加装甲(中型),10,90,90,30,榛名改二(Lv.137),113
2016/10/05 19:50:24,成功,61cm四連装魚雷,魚雷,10,90,90,30,榛名改二(Lv.137),113
2016/10/05 19:50:14,失敗,33号対水上電探,小型電探,10,90,90,30,榛名改二(Lv.137),113
2016/10/05 19:49:55,成功,20.3cm連装砲,中口径主砲,10,90,90,30,榛名改二(Lv.137),113
2016/10/05 19:48:54,成功,61cm四連装魚雷,魚雷,10,90,90,30,榛名改二(Lv.137),113
2016/10/04 18:27:15,成功,20.3cm連装砲,中口径主砲,10,90,90,30,比叡改二(Lv.137),113
2016/10/04 18:27:07,成功,三式弾,対空強化弾,10,90,90,30,比叡改二(Lv.137),113
2016/10/04 18:26:58,成功,九一式徹甲弾,対艦強化弾,10,90,90,30,比叡改二(Lv.137),113
2016/10/04 18:26:48,失敗,強化型艦本式缶,機関部強化,10,90,90,30,比叡改二(Lv.137),113
2016/10/04 18:26:39,成功,25mm単装機銃,対空機銃,10,90,90,30,比叡改二(Lv.137),113
2016/10/04 18:26:30,成功,15.2cm単装砲,副砲,10,90,90,30,比叡改二(Lv.137),113
2016/10/04 18:26:22,成功,61cm四連装魚雷,魚雷,10,90,90,30,比叡改二(Lv.137),113
2016/10/04 18:24:08,成功,九一式徹甲弾,対艦強化弾,10,90,90,30,比叡改二(Lv.137),113
2016/10/03 14:57:01,成功,15.2cm単装砲,副砲,10,90,90,30,榛名改二(Lv.137),113
2016/10/03 14:56:38,成功,14cm単装砲,中口径主砲,10,90,90,30,榛名改二(Lv.137),113
2016/10/03 14:56:29,成功,15.5cm三連装砲,中口径主砲,10,90,90,30,榛名改二(Lv.137),113
2016/10/03 14:55:26,成功,25mm連装機銃,対空機銃,10,90,90,30,榛名改二(Lv.137),113
2016/10/02 13:16:31,成功,12.7cm連装高角砲,副砲,10,90,90,30,榛名改二(Lv.137),113
2016/10/02 13:16:22,成功,61cm三連装魚雷,魚雷,10,90,90,30,榛名改二(Lv.137),113
2016/10/02 13:16:12,失敗,21号対空電探,大型電探,10,90,90,30,榛名改二(Lv.137),113
2016/10/02 13:14:47,成功,15.2cm単装砲,副砲,10,90,90,30,榛名改二(Lv.137),113
2016/10/01 13:48:30,成功,10cm連装高角砲,小口径主砲,10,90,90,30,Warspite(Lv.92),113
2016/10/01 13:48:20,失敗,32号対水上電探,大型電探,10,90,90,30,Warspite(Lv.92),113
2016/10/01 13:48:04,成功,61cm四連装魚雷,魚雷,10,90,90,30,Warspite(Lv.92),113
2016/10/01 13:47:13,成功,三式弾,対空強化弾,10,90,90,30,Warspite(Lv.92),113
2016/09/30 15:25:03,成功,15.5cm三連装砲,中口径主砲,10,251,250,10,榛名改二(Lv.137),113
2016/09/30 15:24:53,成功,九一式徹甲弾,対艦強化弾,10,251,250,10,榛名改二(Lv.137),113
2016/09/30 15:24:01,成功,25mm三連装機銃,対空機銃,10,90,90,30,榛名改二(Lv.137),113
2016/09/30 15:23:03,成功,零式水上偵察機,水上偵察機,10,90,90,30,榛名改二(Lv.137),113
2016/09/29 12:37:10,成功,7.7mm機銃,対空機銃,10,90,90,30,比叡改二(Lv.137),113
2016/09/29 12:37:01,成功,三式弾,対空強化弾,10,90,90,30,比叡改二(Lv.137),113
2016/09/29 12:36:51,失敗,改良型艦本式タービン,機関部強化,10,90,90,30,比叡改二(Lv.137),113
2016/09/29 12:36:43,成功,零式水上偵察機,水上偵察機,10,90,90,30,比叡改二(Lv.137),113
2016/09/29 12:36:34,成功,九一式徹甲弾,対艦強化弾,10,90,90,30,比叡改二(Lv.137),113
2016/09/29 12:36:25,成功,15.5cm三連装砲,中口径主砲,10,90,90,30,比叡改二(Lv.137),113
2016/09/29 12:36:16,成功,7.7mm機銃,対空機銃,10,90,90,30,比叡改二(Lv.137),113
2016/09/29 12:36:07,成功,25mm連装機銃,対空機銃,10,90,90,30,比叡改二(Lv.137),113
2016/09/29 12:35:57,失敗,増設バルジ(大型艦),追加装甲(大型),10,90,90,30,比叡改二(Lv.137),113
2016/09/29 12:35:49,成功,12cm単装砲,小口径主砲,10,90,90,30,比叡改二(Lv.137),113
2016/09/29 12:35:39,失敗,32号対水上電探,大型電探,10,90,90,30,比叡改二(Lv.137),113
2016/09/29 12:34:56,失敗,増設バルジ(大型艦),追加装甲(大型),10,90,90,30,比叡改二(Lv.137),113
2016/09/29 02:08:38,成功,61cm三連装魚雷,魚雷,10,90,90,30,榛名改二(Lv.137),113
2016/09/29 02:08:9,成功,15.5cm三連装砲,中口径主砲,10,90,90,30,榛名改二(Lv.137),113
2016/09/29 02:07:53,失敗,増設バルジ(中型艦),追加装甲(中型),10,90,90,30,榛名改二(Lv.137),113
2016/09/29 02:04:22,成功,12.7mm単装機銃,対空機銃,10,90,90,30,榛名改二(Lv.137),113
2016/09/27 21:53:57,失敗,増設バルジ(大型艦),追加装甲(大型),10,90,90,30,榛名改二(Lv.137),113
2016/09/27 21:53:46,失敗,14号対空電探,大型電探,10,90,90,30,榛名改二(Lv.137),113
2016/09/27 21:53:36,成功,15.2cm単装砲,副砲,10,90,90,30,榛名改二(Lv.137),113
2016/09/27 21:51:29,成功,14cm単装砲,中口径主砲,10,90,90,30,榛名改二(Lv.137),113
2016/09/25 14:15:29,失敗,改良型艦本式タービン,機関部強化,10,90,90,30,榛名改二(Lv.137),113
2016/09/25 14:15:20,失敗,13号対空電探,小型電探,10,90,90,30,榛名改二(Lv.137),113
2016/09/25 14:15:12,成功,7.7mm機銃,対空機銃,10,90,90,30,榛名改二(Lv.137),113
2016/09/25 14:14:13,失敗,改良型艦本式タービン,機関部強化,10,90,90,30,榛名改二(Lv.137),113
2016/09/24 05:51:50,成功,14cm単装砲,中口径主砲,10,90,90,30,榛名改二(Lv.137),113
2016/09/24 05:51:42,成功,14cm単装砲,中口径主砲,10,90,90,30,榛名改二(Lv.137),113
2016/09/24 05:51:31,失敗,改良型艦本式タービン,機関部強化,10,90,90,30,榛名改二(Lv.137),113
2016/09/24 05:00:59,失敗,増設バルジ(中型艦),追加装甲(中型),10,90,90,30,榛名改二(Lv.137),113
2016/09/24 04:19:17,成功,14cm単装砲,中口径主砲,10,90,90,30,比叡改二(Lv.137),113
2016/09/24 04:19:9,成功,12.7cm連装砲,小口径主砲,10,90,90,30,比叡改二(Lv.137),113
2016/09/24 04:18:59,失敗,13号対空電探,小型電探,10,90,90,30,比叡改二(Lv.137),113
2016/09/24 04:17:19,失敗,14号対空電探,大型電探,10,90,90,30,比叡改二(Lv.137),113
2016/09/23 02:40:58,成功,25mm単装機銃,対空機銃,10,90,90,30,榛名改二(Lv.137),113
2016/09/23 02:40:49,成功,7.7mm機銃,対空機銃,10,90,90,30,榛名改二(Lv.137),113
2016/09/23 02:40:40,成功,61cm三連装魚雷,魚雷,10,90,90,30,榛名改二(Lv.137),113
2016/09/23 02:38:47,失敗,32号対水上電探,大型電探,10,90,90,30,榛名改二(Lv.137),113
2016/08/06 14:15:56,失敗,22号対水上電探,小型電探,10,10,10,10,呂500(Lv.150),113
2016/08/06 14:15:31,失敗,15.2cm単装砲,副砲,10,10,10,10,呂500(Lv.150),113
2016/08/06 14:15:22,成功,61cm三連装魚雷,魚雷,10,10,10,10,呂500(Lv.150),113
2016/08/06 14:13:12,失敗,20.3cm連装砲,中口径主砲,10,10,10,10,Pola(Lv.19),113
2016/08/05 14:47:52,失敗,25mm連装機銃,対空機銃,10,10,10,10,Pola(Lv.11),113
2016/08/05 14:47:42,失敗,三式弾,対空強化弾,10,10,10,10,Pola(Lv.11),113
2016/08/05 14:47:33,成功,7.7mm機銃,対空機銃,10,10,10,10,Pola(Lv.11),113
2016/08/05 14:46:37,失敗,15.5cm三連装砲,中口径主砲,10,10,10,10,Pola(Lv.11),113
2016/08/04 14:27:24,成功,61cm三連装魚雷,魚雷,10,10,10,10,朝潮改二(Lv.84),113
2016/08/04 14:27:15,成功,25mm単装機銃,対空機銃,10,10,10,10,朝潮改二(Lv.84),113
2016/08/04 14:27:06,成功,12cm単装砲,小口径主砲,10,10,10,10,朝潮改二(Lv.84),113
2016/08/04 14:25:32,成功,25mm単装機銃,対空機銃,10,10,10,10,朝潮改二(Lv.84),113
2016/08/03 22:43:39,失敗,13号対空電探,小型電探,10,10,10,10,Libeccio改(Lv.43),113
2016/08/03 22:43:29,成功,12cm単装砲,小口径主砲,10,10,10,10,Libeccio改(Lv.43),113
2016/08/03 22:42:49,失敗,33号対水上電探,小型電探,10,10,10,10,Libeccio改(Lv.43),113
2016/08/03 22:19:54,失敗,22号対水上電探,小型電探,10,10,10,10,皐月改二(Lv.81),113
2016/08/02 01:07:48,失敗,12.7cm連装砲,小口径主砲,10,10,10,10,朝潮改二(Lv.83),113
2016/08/02 01:07:39,成功,12cm単装砲,小口径主砲,10,10,10,10,朝潮改二(Lv.83),113
2016/08/02 01:07:28,失敗,25mm連装機銃,対空機銃,10,10,10,10,朝潮改二(Lv.83),113
2016/08/02 01:05:28,失敗,8cm高角砲,副砲,10,10,10,10,朝潮改二(Lv.83),113
2016/08/01 01:27:26,失敗,15.5cm三連装副砲,副砲,10,10,10,10,Iowa(Lv.98),112
2016/08/01 01:26:59,失敗,20.3cm連装砲,中口径主砲,10,10,10,10,Iowa(Lv.98),112
2016/08/01 01:26:03,成功,7.7mm機銃,対空機銃,10,10,10,10,Iowa(Lv.98),112
2016/08/01 01:19:46,失敗,増設バルジ(大型艦),追加装甲(大型),10,10,10,10,Iowa(Lv.98),112
2016/07/30 23:52:08,失敗,61cm四連装魚雷,魚雷,10,10,10,10,黒潮改(Lv.69),112
2016/07/30 23:51:58,失敗,61cm四連装魚雷,魚雷,10,10,10,10,黒潮改(Lv.69),112
2016/07/30 23:51:49,成功,25mm単装機銃,対空機銃,10,10,10,10,黒潮改(Lv.69),112
2016/07/30 23:50:47,失敗,15.2cm単装砲,副砲,10,10,10,10,黒潮改(Lv.69),112
2016/07/30 00:00:56,成功,25mm単装機銃,対空機銃,10,10,10,10,大淀改(Lv.97),112
2016/07/30 00:00:46,失敗,九九式艦爆,艦上爆撃機,10,10,10,10,大淀改(Lv.97),112
2016/07/30 00:00:16,失敗,15.5cm三連装副砲,副砲,10,10,10,10,大淀改(Lv.97),112
2016/07/29 23:59:9,失敗,10cm連装高角砲,小口径主砲,10,10,10,10,大淀改(Lv.97),112
2016/07/28 23:26:33,成功,7.7mm機銃,対空機銃,10,10,10,10,榛名改二(Lv.135),112
2016/07/28 23:26:21,失敗,14cm単装砲,中口径主砲,10,10,10,10,榛名改二(Lv.135),112
2016/07/28 23:21:06,成功,7.7mm機銃,対空機銃,10,10,10,10,榛名改二(Lv.135),112
2016/07/28 22:16:37,失敗,15.5cm三連装砲,中口径主砲,10,10,10,10,榛名改二(Lv.135),112
2016/07/27 22:40:39,失敗,10cm連装高角砲,小口径主砲,10,10,10,10,榛名改二(Lv.135),112
2016/07/27 22:40:29,失敗,三式弾,対空強化弾,10,10,10,10,榛名改二(Lv.135),112
2016/07/27 22:40:15,失敗,増設バルジ(中型艦),追加装甲(中型),10,10,10,10,榛名改二(Lv.135),112
2016/07/27 22:39:25,失敗,33号対水上電探,小型電探,10,10,10,10,榛名改二(Lv.135),112
2016/07/26 12:32:59,失敗,13号対空電探,小型電探,10,10,10,10,榛名改二(Lv.135),112
2016/07/26 12:32:46,失敗,12.7cm連装高角砲,副砲,10,10,10,10,榛名改二(Lv.135),112
2016/07/26 12:32:36,失敗,15.2cm単装砲,副砲,10,10,10,10,榛名改二(Lv.135),112
2016/07/26 12:27:06,成功,15.5cm三連装副砲,副砲,10,251,250,10,榛名改二(Lv.135),112
2016/07/25 20:58:16,成功,20.3cm連装砲,中口径主砲,10,251,250,10,榛名改二(Lv.135),112
2016/07/25 20:57:07,成功,61cm四連装魚雷,魚雷,10,251,250,10,榛名改二(Lv.135),112
2016/07/25 20:56:54,成功,61cm三連装魚雷,魚雷,10,251,250,10,榛名改二(Lv.135),112
2016/07/25 20:46:39,成功,15.5cm三連装副砲,副砲,10,251,250,10,榛名改二(Lv.135),112
2016/07/24 16:55:08,成功,15.5cm三連装砲,中口径主砲,10,251,250,10,榛名改二(Lv.135),112
2016/07/24 16:54:58,成功,12.7cm連装高角砲,副砲,10,251,250,10,榛名改二(Lv.135),112
2016/07/24 16:54:49,失敗,22号対水上電探,小型電探,10,251,250,10,榛名改二(Lv.135),112
2016/07/24 16:53:07,成功,46cm三連装砲,大口径主砲,10,251,250,10,榛名改二(Lv.135),112
2016/07/23 23:43:34,成功,41cm連装砲,大口径主砲,10,251,250,10,榛名改二(Lv.135),112
2016/07/23 23:43:17,成功,35.6cm連装砲,大口径主砲,10,251,250,10,榛名改二(Lv.135),112
2016/07/23 23:42:47,成功,15.2cm単装砲,副砲,10,251,250,10,榛名改二(Lv.135),112
2016/07/23 23:40:54,失敗,強化型艦本式缶,機関部強化,10,251,250,10,榛名改二(Lv.135),112
2016/07/22 14:18:02,成功,20.3cm連装砲,中口径主砲,10,251,250,10,榛名改二(Lv.135),112
2016/07/22 14:17:53,成功,35.6cm連装砲,大口径主砲,10,251,250,10,榛名改二(Lv.135),112
2016/07/22 14:17:44,成功,46cm三連装砲,大口径主砲,10,251,250,10,榛名改二(Lv.135),112
2016/07/22 14:15:48,成功,41cm連装砲,大口径主砲,10,251,250,10,榛名改二(Lv.135),112
2016/07/21 14:12:47,成功,12.7cm連装高角砲,副砲,10,251,250,10,榛名改二(Lv.135),112
2016/07/21 14:12:38,成功,61cm四連装魚雷,魚雷,10,251,250,10,榛名改二(Lv.135),112
2016/07/21 14:11:05,成功,61cm四連装魚雷,魚雷,10,251,250,10,榛名改二(Lv.135),112
2016/07/21 14:9:12,成功,25mm連装機銃,対空機銃,10,251,250,10,榛名改二(Lv.135),112
2016/07/20 20:35:25,失敗,彗星,艦上爆撃機,10,251,250,10,榛名改二(Lv.135),112
2016/07/20 20:35:13,成功,35.6cm連装砲,大口径主砲,10,251,250,10,榛名改二(Lv.135),112
2016/07/20 19:12:26,成功,甲標的,特殊潜航艇,10,251,250,10,榛名改二(Lv.135),112
2016/07/20 19:08:36,成功,15.2cm単装砲,副砲,10,251,250,10,榛名改二(Lv.135),112
2016/07/19 23:15:9,成功,15.5cm三連装副砲,副砲,10,251,250,10,榛名改二(Lv.135),112
2016/07/19 23:14:59,成功,12.7cm連装高角砲,副砲,10,251,250,10,榛名改二(Lv.135),112
2016/07/19 23:14:47,成功,46cm三連装砲,大口径主砲,10,251,250,10,榛名改二(Lv.135),112
2016/07/19 23:13:46,失敗,強化型艦本式缶,機関部強化,10,251,250,10,榛名改二(Lv.135),112
2016/07/14 13:05:37,成功,25mm連装機銃,対空機銃,10,251,250,10,榛名改二(Lv.135),112
2016/07/14 13:05:27,成功,15.2cm単装砲,副砲,10,251,250,10,榛名改二(Lv.135),112
2016/07/14 13:05:11,成功,甲標的,特殊潜航艇,10,251,250,10,榛名改二(Lv.135),112
2016/07/14 13:02:59,成功,61cm四連装魚雷,魚雷,10,251,250,10,榛名改二(Lv.135),112
2016/07/13 10:37:46,成功,25mm三連装機銃,対空機銃,10,251,250,10,榛名改二(Lv.135),112
2016/07/13 10:37:34,成功,41cm連装砲,大口径主砲,10,251,250,10,榛名改二(Lv.135),112
2016/07/13 10:27:45,成功,零式艦戦32型,艦上戦闘機,20,60,10,100,翔鶴改二甲(Lv.113),112
2016/07/13 10:25:36,失敗,流星,艦上攻撃機,10,10,10,31,翔鶴改二甲(Lv.113),112
2016/07/11 12:05:46,成功,25mm三連装機銃,対空機銃,10,251,250,10,榛名改二(Lv.135),112
2016/07/11 12:05:37,成功,12.7cm連装高角砲,副砲,10,251,250,10,榛名改二(Lv.135),112
2016/07/11 12:05:28,成功,25mm連装機銃,対空機銃,10,251,250,10,榛名改二(Lv.135),112
2016/07/11 12:04:44,成功,25mm三連装機銃,対空機銃,10,251,250,10,榛名改二(Lv.135),112
2016/07/11 12:03:37,失敗,九九式艦爆,艦上爆撃機,10,251,250,10,弥生改(Lv.72),112
2016/07/9 15:55:41,成功,35.6cm連装砲,大口径主砲,10,251,250,10,榛名改二(Lv.135),112
2016/07/9 15:55:31,成功,61cm三連装魚雷,魚雷,10,251,250,10,榛名改二(Lv.135),112
2016/07/9 15:54:52,成功,20.3cm連装砲,中口径主砲,10,251,250,10,榛名改二(Lv.135),112
2016/07/9 15:52:08,成功,25mm単装機銃,対空機銃,10,251,250,10,榛名改二(Lv.135),112
2016/07/01 11:18:11,失敗,22号対水上電探,小型電探,10,251,250,10,榛名改二(Lv.135),112
2016/07/01 11:18:01,成功,41cm連装砲,大口径主砲,10,251,250,10,榛名改二(Lv.135),112
2016/07/01 11:17:23,成功,35.6cm連装砲,大口径主砲,10,251,250,10,榛名改二(Lv.135),112
2016/07/01 11:11:36,失敗,改良型艦本式タービン,機関部強化,10,251,250,10,榛名改二(Lv.135),112
2016/06/11 05:49:27,成功,甲標的,特殊潜航艇,10,251,250,10,比叡改二(Lv.132),112
2016/06/11 05:49:18,成功,15.2cm単装砲,副砲,10,251,250,10,比叡改二(Lv.132),112
2016/06/11 05:48:53,失敗,改良型艦本式タービン,機関部強化,10,251,250,10,比叡改二(Lv.132),112
2016/06/11 05:47:48,成功,12.7cm連装高角砲,副砲,10,251,250,10,比叡改二(Lv.132),112
2016/06/11 00:27:23,成功,61cm四連装魚雷,魚雷,10,251,250,10,榛名改二(Lv.135),112
2016/06/11 00:27:13,成功,35.6cm連装砲,大口径主砲,10,251,250,10,榛名改二(Lv.135),112
2016/06/11 00:27:04,成功,15.2cm単装砲,副砲,10,251,250,10,榛名改二(Lv.135),112
2016/06/11 00:24:17,成功,15.5cm三連装副砲,副砲,10,251,250,10,榛名改二(Lv.135),112
2016/06/9 06:32:59,失敗,九九式艦爆,艦上爆撃機,10,251,250,10,榛名改二(Lv.135),112
2016/06/9 06:32:49,成功,20.3cm連装砲,中口径主砲,10,251,250,10,榛名改二(Lv.135),112
2016/06/9 06:32:28,失敗,三式弾,対空強化弾,10,251,250,10,榛名改二(Lv.135),112
2016/06/9 06:32:17,失敗,改良型艦本式タービン,機関部強化,10,251,250,10,榛名改二(Lv.135),112
2016/06/9 06:31:10,失敗,改良型艦本式タービン,機関部強化,10,251,250,10,榛名改二(Lv.135),112
2016/06/08 06:54:47,成功,15.5cm三連装副砲,副砲,10,251,250,10,榛名改二(Lv.135),112
2016/06/08 06:54:33,失敗,三式弾,対空強化弾,10,251,250,10,榛名改二(Lv.135),112
2016/06/08 06:54:22,成功,20.3cm連装砲,中口径主砲,10,251,250,10,榛名改二(Lv.135),112
2016/06/08 06:52:39,成功,15.2cm単装砲,副砲,10,251,250,10,榛名改二(Lv.135),112
2016/06/07 18:02:17,成功,61cm三連装魚雷,魚雷,10,251,250,10,金剛改二(Lv.132),112
2016/06/07 18:02:07,成功,15.5cm三連装副砲,副砲,10,251,250,10,金剛改二(Lv.132),112
2016/06/07 18:01:57,失敗,三式弾,対空強化弾,10,251,250,10,金剛改二(Lv.132),112
2016/06/07 18:00:57,成功,61cm三連装魚雷,魚雷,10,251,250,10,金剛改二(Lv.132),112
2016/06/06 15:17:16,成功,12.7cm連装高角砲,副砲,10,251,250,10,榛名改二(Lv.135),112
2016/06/06 15:17:07,成功,15.2cm単装砲,副砲,10,251,250,10,榛名改二(Lv.135),112
2016/06/06 15:16:58,成功,41cm連装砲,大口径主砲,10,251,250,10,榛名改二(Lv.135),112
2016/06/06 15:16:11,成功,15.2cm単装砲,副砲,10,251,250,10,榛名改二(Lv.135),112
2016/06/05 20:22:57,成功,九一式徹甲弾,対艦強化弾,10,251,250,10,大和改(Lv.127),112
2016/06/05 20:22:40,成功,12.7cm連装高角砲,副砲,10,251,250,10,大和改(Lv.127),112
2016/06/05 20:19:29,失敗,改良型艦本式タービン,機関部強化,10,251,250,10,大和改(Lv.127),112
2016/06/05 20:18:46,成功,15.2cm単装砲,副砲,10,251,250,10,大和改(Lv.127),112
2016/06/04 14:07:05,成功,35.6cm連装砲,大口径主砲,10,251,250,10,大和改(Lv.127),112
2016/06/04 14:06:57,成功,35.6cm連装砲,大口径主砲,10,251,250,10,大和改(Lv.127),112
2016/06/04 14:06:47,成功,20.3cm連装砲,中口径主砲,10,251,250,10,大和改(Lv.127),112
2016/06/04 14:06:38,成功,7.7mm機銃,対空機銃,10,251,250,10,大和改(Lv.127),112
2016/06/04 14:06:29,成功,15.2cm単装砲,副砲,10,251,250,10,大和改(Lv.127),112
2016/06/04 14:05:32,成功,25mm三連装機銃,対空機銃,10,251,250,10,大和改(Lv.127),112
2016/06/03 15:34:18,成功,61cm四連装魚雷,魚雷,10,251,250,10,大和改(Lv.127),112
2016/06/03 15:34:08,成功,41cm連装砲,大口径主砲,10,251,250,10,大和改(Lv.127),112
2016/06/03 15:33:58,失敗,改良型艦本式タービン,機関部強化,10,251,250,10,大和改(Lv.127),112
2016/06/03 15:33:49,成功,甲標的,特殊潜航艇,10,251,250,10,大和改(Lv.127),112
2016/06/03 15:33:40,成功,61cm四連装魚雷,魚雷,10,251,250,10,大和改(Lv.127),112
2016/06/03 15:33:30,失敗,改良型艦本式タービン,機関部強化,10,251,250,10,大和改(Lv.127),112
2016/06/03 15:33:21,成功,甲標的,特殊潜航艇,10,251,250,10,大和改(Lv.127),112
2016/06/03 15:33:08,失敗,彗星,艦上爆撃機,10,251,250,10,大和改(Lv.127),112
2016/06/03 15:32:59,成功,15.2cm単装砲,副砲,10,251,250,10,大和改(Lv.127),112
2016/06/03 15:32:51,成功,25mm連装機銃,対空機銃,10,251,250,10,大和改(Lv.127),112
2016/06/03 15:32:40,失敗,改良型艦本式タービン,機関部強化,10,251,250,10,大和改(Lv.127),112
2016/06/03 15:32:25,成功,15.5cm三連装砲,中口径主砲,10,251,250,10,大和改(Lv.127),112
2016/06/03 15:32:16,成功,25mm三連装機銃,対空機銃,10,251,250,10,大和改(Lv.127),112
2016/06/03 15:28:31,失敗,12.7cm連装高角砲,副砲,10,10,20,20,翔鶴改二甲(Lv.113),112
2016/06/01 05:24:32,成功,九一式徹甲弾,対艦強化弾,10,251,250,10,榛名改二(Lv.135),112
2016/06/01 05:24:23,失敗,三式弾,対空強化弾,10,251,250,10,榛名改二(Lv.135),112
2016/06/01 05:24:07,失敗,15.2cm単装砲,副砲,10,10,10,10,榛名改二(Lv.135),112
2016/06/01 05:23:43,成功,15.5cm三連装副砲,副砲,10,251,250,10,榛名改二(Lv.135),112
2016/06/01 05:23:35,成功,61cm三連装魚雷,魚雷,10,251,250,10,榛名改二(Lv.135),112
2016/06/01 05:23:26,成功,15.5cm三連装副砲,副砲,10,251,250,10,榛名改二(Lv.135),112
2016/06/01 05:22:10,失敗,天山,艦上攻撃機,10,251,250,10,榛名改二(Lv.135),112
2016/05/31 13:16:20,成功,41cm連装砲,大口径主砲,10,251,250,10,榛名改二(Lv.135),112
2016/05/31 13:16:11,失敗,三式弾,対空強化弾,10,251,250,10,榛名改二(Lv.135),112
2016/05/31 13:16:02,成功,41cm連装砲,大口径主砲,10,251,250,10,榛名改二(Lv.135),112
2016/05/31 13:15:53,成功,35.6cm連装砲,大口径主砲,10,251,250,10,榛名改二(Lv.135),112
2016/05/31 12:08:08,成功,12.7cm連装砲,小口径主砲,10,10,20,20,翔鶴改二甲(Lv.113),112
2016/05/31 12:07:55,失敗,甲標的,特殊潜航艇,10,10,20,20,翔鶴改二甲(Lv.113),112
2016/05/31 12:07:44,成功,零式水上偵察機,水上偵察機,10,10,20,20,翔鶴改二甲(Lv.113),112
2016/05/31 12:06:56,失敗,零式艦戦52型,艦上戦闘機,10,10,20,20,翔鶴改二甲(Lv.113),112
2016/05/30 14:9:50,失敗,改良型艦本式タービン,機関部強化,10,10,20,20,翔鶴改二甲(Lv.113),112
2016/05/30 14:9:40,失敗,10cm連装高角砲,小口径主砲,10,10,20,20,翔鶴改二甲(Lv.113),112
2016/05/30 14:9:31,成功,25mm単装機銃,対空機銃,10,10,20,20,翔鶴改二甲(Lv.113),112
2016/05/30 14:08:45,失敗,12.7cm連装高角砲,副砲,10,10,20,20,翔鶴改二甲(Lv.113),112
2016/05/29 05:08:51,失敗,15.5cm三連装副砲,副砲,10,10,10,10,明石改(Lv.36),112
2016/05/29 05:08:42,成功,61cm三連装魚雷,魚雷,10,10,10,10,明石改(Lv.36),112
2016/05/29 05:08:32,成功,61cm三連装魚雷,魚雷,10,10,10,10,明石改(Lv.36),112
2016/05/29 05:05:56,失敗,33号対水上電探,小型電探,10,10,10,10,明石改(Lv.36),112
2016/05/17 03:56:19,成功,ドラム缶(輸送用),簡易輸送部材,10,10,10,10,島風改(Lv.92),111
2016/05/17 03:56:9,失敗,改良型艦本式タービン,機関部強化,10,10,10,10,島風改(Lv.92),111
2016/05/17 03:55:59,失敗,10cm連装高角砲,小口径主砲,10,10,10,10,島風改(Lv.92),111
2016/05/17 03:55:00,成功,7.7mm機銃,対空機銃,10,10,10,10,島風改(Lv.92),111
2016/05/02 06:51:47,失敗,15.2cm連装砲,中口径主砲,10,10,10,10,呂500(Lv.148),111
2016/05/02 06:51:37,失敗,61cm四連装(酸素)魚雷,魚雷,10,10,10,10,呂500(Lv.148),111
2016/05/02 06:51:26,成功,61cm三連装魚雷,魚雷,10,10,10,10,呂500(Lv.148),111
2016/05/02 06:50:9,成功,25mm単装機銃,対空機銃,10,10,10,10,呂500(Lv.148),111
2016/05/01 06:22:44,失敗,15.2cm連装砲,中口径主砲,10,10,10,10,三日月改(Lv.70),111
2016/05/01 06:22:31,失敗,8cm高角砲,副砲,10,10,10,10,三日月改(Lv.70),111
2016/05/01 06:22:12,成功,25mm単装機銃,対空機銃,10,10,10,10,三日月改(Lv.70),111
2016/05/01 06:19:9,失敗,15.2cm単装砲,副砲,10,10,10,10,三日月改(Lv.70),111
2016/04/30 07:08:30,成功,7.7mm機銃,対空機銃,10,10,10,10,朝潮改(Lv.75),111
2016/04/30 07:08:18,失敗,15.5cm三連装砲,中口径主砲,10,10,10,10,朝潮改(Lv.75),111
2016/04/30 07:08:08,失敗,22号対水上電探,小型電探,10,10,10,10,朝潮改(Lv.75),111
2016/04/30 07:03:44,成功,7.7mm機銃,対空機銃,10,10,10,10,朝潮改(Lv.75),111
2016/04/24 06:11:21,失敗,12.7cm連装砲,小口径主砲,10,10,10,10,朝潮改(Lv.69),111
2016/04/24 06:11:07,成功,7.7mm機銃,対空機銃,10,10,10,10,朝潮改(Lv.69),111
2016/04/24 06:10:48,失敗,15.2cm連装砲,中口径主砲,10,10,10,10,朝潮改(Lv.69),111
2016/04/24 06:08:49,失敗,10cm連装高角砲,小口径主砲,10,10,10,10,朝潮改(Lv.69),111
2016/04/23 06:08:17,失敗,15.5cm三連装副砲,副砲,10,10,10,10,朝潮改(Lv.68),111
2016/04/23 06:08:08,成功,ドラム缶(輸送用),簡易輸送部材,10,10,10,10,朝潮改(Lv.68),111
2016/04/23 06:07:58,失敗,10cm連装高角砲,小口径主砲,10,10,10,10,朝潮改(Lv.68),111
2016/04/23 06:07:20,失敗,61cm四連装魚雷,魚雷,10,10,10,10,朝潮改(Lv.68),111
2016/04/22 19:31:56,成功,12.7mm単装機銃,対空機銃,10,10,20,20,大鳳改(Lv.96),111
2016/04/22 19:31:46,失敗,33号対水上電探,小型電探,10,10,20,20,大鳳改(Lv.96),111
2016/04/22 19:31:36,失敗,零式艦戦52型,艦上戦闘機,10,10,20,20,大鳳改(Lv.96),111
2016/04/22 19:30:46,失敗,甲標的,特殊潜航艇,10,10,20,20,大鳳改(Lv.96),111
2016/04/22 19:30:37,成功,零式水上偵察機,水上偵察機,10,10,20,20,大鳳改(Lv.96),111
2016/04/22 19:29:58,成功,九六式艦戦,艦上戦闘機,10,10,20,20,大鳳改(Lv.96),111
2016/04/22 19:29:48,失敗,10cm連装高角砲,小口径主砲,10,10,20,20,大鳳改(Lv.96),111
2016/04/22 19:29:28,失敗,強化型艦本式缶,機関部強化,10,10,20,20,大鳳改(Lv.96),111
2016/04/22 19:29:20,成功,零式艦戦21型,艦上戦闘機,10,10,20,20,大鳳改(Lv.96),111
2016/04/22 19:29:07,成功,零式艦戦21型,艦上戦闘機,10,10,20,20,大鳳改(Lv.96),111
2016/04/22 19:28:48,失敗,甲標的,特殊潜航艇,10,10,20,20,大鳳改(Lv.96),111
2016/04/22 19:28:38,失敗,零式艦戦52型,艦上戦闘機,10,10,20,20,大鳳改(Lv.96),111
2016/04/22 19:27:44,成功,零式水上偵察機,水上偵察機,10,10,20,20,大鳳改(Lv.96),111
2016/04/22 19:27:34,失敗,改良型艦本式タービン,機関部強化,10,10,20,20,大鳳改(Lv.96),111
2016/04/22 19:27:24,失敗,改良型艦本式タービン,機関部強化,10,10,20,20,大鳳改(Lv.96),111
2016/04/22 19:27:15,成功,7.7mm機銃,対空機銃,10,10,20,20,大鳳改(Lv.96),111
2016/04/22 19:27:03,失敗,強化型艦本式缶,機関部強化,10,10,10,10,大鳳改(Lv.96),111
2016/04/22 19:25:31,失敗,甲標的,特殊潜航艇,10,10,20,20,大鳳改(Lv.96),111
2016/04/22 19:25:21,失敗,瑞雲,水上爆撃機,10,10,20,20,大鳳改(Lv.96),111
2016/04/22 19:25:11,成功,7.7mm機銃,対空機銃,10,10,20,20,大鳳改(Lv.96),111
2016/04/22 19:25:01,失敗,改良型艦本式タービン,機関部強化,10,10,20,20,大鳳改(Lv.96),111
2016/04/22 19:24:51,失敗,甲標的,特殊潜航艇,10,10,20,20,大鳳改(Lv.96),111
2016/04/17 05:04:46,成功,7.7mm機銃,対空機銃,10,10,10,10,清霜改(Lv.69),111
2016/04/17 05:04:33,失敗,零式水上偵察機,水上偵察機,10,10,10,10,清霜改(Lv.69),111
2016/04/17 05:04:21,失敗,15.2cm連装砲,中口径主砲,10,10,10,10,清霜改(Lv.69),111
2016/04/17 05:03:30,失敗,強化型艦本式缶,機関部強化,10,10,10,10,清霜改(Lv.69),111
2016/04/11 18:25:52,失敗,61cm四連装魚雷,魚雷,10,10,10,10,朝潮改(Lv.58),111
2016/04/11 18:25:43,失敗,61cm四連装魚雷,魚雷,10,10,10,10,朝潮改(Lv.58),111
2016/04/11 18:25:27,失敗,13号対空電探,小型電探,10,10,10,10,朝潮改(Lv.58),111
2016/04/11 18:24:53,失敗,零式艦戦21型,艦上戦闘機,10,10,10,10,朝潮改(Lv.58),111
2016/04/10 05:42:51,失敗,九九式艦爆,艦上爆撃機,10,10,10,10,朝潮改(Lv.55),111
2016/04/10 05:42:24,失敗,25mm連装機銃,対空機銃,10,10,10,10,朝潮改(Lv.55),111
2016/04/10 05:42:12,失敗,61cm四連装(酸素)魚雷,魚雷,10,10,10,10,朝潮改(Lv.55),111
2016/04/10 05:41:10,失敗,12.7cm連装砲,小口径主砲,10,10,10,10,朝潮改(Lv.55),111
2016/04/9 18:03:35,失敗,改良型艦本式タービン,機関部強化,10,10,10,10,朝潮改(Lv.54),111
2016/04/9 18:03:25,失敗,10cm連装高角砲,小口径主砲,10,10,10,10,朝潮改(Lv.54),111
2016/04/9 18:03:08,失敗,33号対水上電探,小型電探,10,10,10,10,朝潮改(Lv.54),111
2016/04/9 16:47:45,成功,12cm単装砲,小口径主砲,10,10,10,10,朝潮改(Lv.54),111
2016/04/9 16:46:32,失敗,8cm高角砲,副砲,10,10,10,10,朝潮改(Lv.54),111
2016/04/03 14:37:00,失敗,九四式爆雷投射機,爆雷,10,10,10,10,大潮改(Lv.58),111
2016/04/03 14:36:48,失敗,13号対空電探,小型電探,10,10,10,10,大潮改(Lv.58),111
2016/04/03 14:36:34,失敗,8cm高角砲,副砲,10,10,10,10,大潮改(Lv.58),111
2016/04/03 14:35:49,失敗,強化型艦本式缶,機関部強化,10,10,10,10,大潮改(Lv.58),111
2016/03/21 14:01:37,失敗,12.7cm連装砲,小口径主砲,10,10,10,10,綾波改二(Lv.98),111
2016/03/21 14:01:26,失敗,12.7cm連装砲,小口径主砲,10,10,10,10,綾波改二(Lv.98),111
2016/03/21 14:01:16,失敗,15.2cm単装砲,副砲,10,10,10,10,綾波改二(Lv.98),111
2016/03/21 14:00:19,失敗,12.7cm連装砲,小口径主砲,10,10,10,10,綾波改二(Lv.98),111
